question_id,category,question_summary,repository_verifiable,status,confidence,primary_finding,decision_impact,recommended_decision,evidence_files,remaining_input
Q1,A-Foundational,Add upstream remote and measure drift,TRUE,answered,CONFIRMED,"upstream remote added (openemr/openemr) and drift measured. The fork has ZERO own commits: `git merge-base HEAD upstream/master` returns HEAD itself and `git rev-list --count upstream/master..HEAD` returns 0. The fork is an unmodified mirror of upstream master at 2026-07-04, 373 commits behind current upstream master and 17 commits diverged from the v8_2_0 release cut.",Removes all fork-drift risk from every other decision. A rebase is a fast-forward today; the cost of the 'no core edits' policy is therefore zero to adopt right now and rises with every local patch added later.,Peg to the release tag (v8_2_0 today) for production; keep upstream/master fetched for security triage. Adopt a strict no-core-edit policy NOW while the diff is provably empty.,05-upstream-fork-drift.md; 07-core-modification-inventory.csv,
Q2,A-Foundational,Upstream rebase cadence,FALSE,external_decision_required,HIGH,"Repository establishes the inputs but not the answer. Upstream cut 3 releases in ~5 months (v8_0_0_3 2026-03-25, v8_1_0 2026-06-01, v8_2_0 2026-07-08) and lands ~373 commits per ~5 weeks of master. Fork currently carries no patches, so rebase cost is presently zero.","Cadence drives CI budget and on-call rota, not architecture. Because the fork has no patches, cadence can be chosen freely today and revisited once the first local patch lands.","Provisional: rebase per upstream point release, plus out-of-band for security advisories. Revisit when the first class-c patch is carried.",05-upstream-fork-drift.md,Eng leadership: sprint capacity + acceptable patch lag.
Q3,A-Foundational,Target production orchestration platform,TRUE,partially_answered,CONFIRMED,"Repository contains ZERO Kubernetes, Helm, Nomad or Swarm artifacts (no Chart.yaml, no values.yaml, no kind: Deployment). It ships 26 docker-compose files, all for CI matrices and developer stacks. Whatever platform is chosen, the orchestration layer is greenfield.","No sunk cost favours any platform; equally, no platform is 'already supported'. The compose files are not production artifacts and must not be mistaken for a deployment baseline.",Provisional: Kubernetes + Helm with charts in a separate infra repo (see Q41). Nothing in-repo blocks or favours this.,evidence/manifests/q3-deployment-artifacts.txt; q3-deployment-artifacts.txt,Ops/Platform: target runtime and managed-service budget.
Q4,B-Identity,Central IdP choice,TRUE,answered,CONFIRMED,"OpenEMR ships a full OAuth2/OIDC authorization SERVER (league/oauth2-server under src/Common/Auth/OpenIDConnect/) but NO generic OIDC relying-party client. The only shipped federation example is Google Sign-In, which maps an external subject onto a LOCAL users row rather than replacing it.","Fronting OpenEMR with Keycloak is not configuration - it requires new code (an RP callback or a trusted-header path that does not exist). The Google Sign-In pattern is the cheapest template, and it proves local users rows remain mandatory under any IdP.","Keycloak as central IdP, OpenEMR as RP built on the Google Sign-In pattern; keep AuthUtils as break-glass. Budget real integration work - this is not a config toggle.",interface/login/login.php; src/Common/Auth/OpenIDConnect/; 11-authentication-authorization-evidence.md,
Q5,B-Identity,Force MFA org-wide,TRUE,answered,CONFIRMED,"MFA implementation ships (MfaUtils, Totp.class.php, u2f-api.js) but there is NO enforcement global: `git grep force_mfa|mfa_required|gbl_force_mfa` returns 0 matches, and library/globals.inc.php contains no MFA global at all. AuthUtils.php has no MFA gate (only a doc comment at :12). Enrolment is per-user opt-in.",Forcing MFA natively means a permanent class-c core patch re-applied every rebase. Enforcing it in the Q4 IdP makes it a policy setting. This is a strong independent argument for the external-IdP direction.,Enforce MFA at the Keycloak layer for all clinical/admin roles. Do NOT patch core to add a force-MFA global.,library/globals.inc.php; src/Common/Auth/AuthUtils.php; src/Common/Auth/MfaUtils.php; 11-authentication-authorization-evidence.md,
Q6,B-Identity,Reverse-proxy trust for REMOTE_USER,TRUE,answered,CONFIRMED,"There is no REMOTE_USER support anywhere: 0 matches tree-wide, all file types. mod_auth_openidc: 0 matches. Separately, the ONE proxy header the app does consume is trusted blindly - collectIpAddresses() appends the entire client-supplied X-Forwarded-For chain unparsed, with no trusted-proxy allowlist anywhere (0 matches).",Q6 is not 'do we trust it' but 'we would have to build it'. Meanwhile the existing XFF handling is an audit-log forging vector that must be fixed regardless of the IdP decision.,Do NOT build REMOTE_USER trust. Use a proper OIDC RP callback (Q4). Independently: parse XFF to the rightmost hop and add a trusted-proxy allowlist before Go-Live.,library/sanitize.inc.php; src/Common/Logging/Audit/LogTablesSink.php; src/Common/Logging/EventAuditLogger.php; 11-authentication-authorization-evidence.md; 15-security-compliance-code-evidence.md,
Q7,B-Identity,Retire Google Sign-In path?,TRUE,answered,CONFIRMED,"Google Sign-In is a complete, working federation path, not dead code: 2 globals (google_signin_enabled :2251, google_signin_client_id :2258), a users.google_signin_email column with a unique constraint, a login-page branch, and full admin CRUD across 3 screens. It is default-off (requires both globals).","It is the only in-tree worked example of 'external subject -> local users row', which is exactly the mapping Keycloak will need. Deleting it destroys the reference implementation for Q4 at zero runtime saving.","KEEP in code, leave disabled via globals. Use it as the implementation template for the Q4 IdP integration. Revisit removal only after Keycloak is in production.",interface/login/login.php; interface/usergroup/usergroup_admin.php; library/globals.inc.php; 11-authentication-authorization-evidence.md,
Q8,B-Identity,Tenant-admin UI for OAuth2 clients,TRUE,answered,CONFIRMED,"Dynamic Client Registration is LIVE, not merely possible. The discovery document advertises ""registration_endpoint"": ""$base_url/registration"" and a listener routes requests containing '/registration'. The existing ClientAdminController provides revoke/inspect only.","DCR covers self-registering partners, so a provisioning UI is a convenience, not a prerequisite. Q8 can be deferred without blocking any integration that can self-register.",DCR only for Day 1. Build the hand-provisioning UI when the first partner that cannot self-register appears.,src/FHIR/SMART/ClientAdminController.php; src/RestControllers/Authorization/OAuth2DiscoveryController.php; src/RestControllers/Subscriber/OAuth2AuthorizationListener.php; 11-authentication-authorization-evidence.md,
Q9,B-Identity,Fork ACL policy: bump v_acl=14 or freeze at 13?,TRUE,answered,CONFIRMED,$v_acl = 13 at version.php:42 (alongside $v_database = 541 at :34). acl_upgrade.php reads the installed version via AclExtended::getAclVersion() and runs a SEQUENTIAL integer ladder of `$upgrade_acl = N; if ($acl_version < $upgrade_acl) {...}` blocks. The counter has no namespace.,"Mechanically confirms the never-bump rule: if the fork writes a 14 block and upstream later ships its own 14, a rebased site that already recorded 14 will SILENTLY SKIP upstream's block. Same failure class as $v_database.",FREEZE at 13. Never author a downstream ACL upgrade block. Put all new authorization in a saas_* layer above gacl.,acl_upgrade.php; version.php; 11-authentication-authorization-evidence.md,
Q10,B-Identity,Complete standalone-encounter SMART launch,TRUE,contradicted,CONFIRMED,"PREMISE CORRECTED. The CapabilityStatement does NOT falsely advertise standalone-encounter launch - context-standalone-encounter is explicitly COMMENTED OUT at Capability.php:50, and the CONTEXT_STANDALONE_ENCOUNTER constant (:103) is declared but never referenced. The real defect is different: CONTEXT_EHR_ENCOUNTER IS advertised (:48) while the launch/encounter scope is absent from every grantable scope list (ServerScopeListEntity.php:53 and ScopeRepository.php:248 list launch/patient only). All 4 launch/encounter matches are documentation.","Scope shrinks and splits: a 2-line scope-list fix resolves the advertised-vs-grantable inconsistency; the encounter picker is a separate, larger deliverable. Docs currently show examples that would fail.","Fix the advertised-vs-grantable inconsistency first (add launch/encounter to both scope lists, or stop advertising context-ehr-encounter). Treat the encounter picker as a separate deliverable tied to NPHIES.",Documentation/api/SMART_ON_FHIR.md; src/Common/Auth/OpenIDConnect/Entities/ServerScopeListEntity.php; src/FHIR/SMART/Capability.php; 11-authentication-authorization-evidence.md,
Q11,C-Tenancy,DB-per-tenant vs shared-DB,TRUE,answered,CONFIRMED,"The true shared-DB refactor surface is 6,785 data-access call sites, not the 1,875 previously estimated: sqlStatement( 2,025 + QueryUtils:: 1,653 + sqlQuery( 1,454 + sqlFetchArray( 1,354 + sqlInsert( 251 + Doctrine DBAL 48, plus 202 OE_SITE_DIR file-path sites. No core table has a tenant_id/site_id column. Tenancy is enforced by which sqlconf.php is loaded - the connection IS the boundary.",Model B is ~3.6x more expensive than the estimate the decision was based on. Model A is what the runtime already implements. This is the single strongest quantitative argument in the audit.,"LOCK Model A (DB-per-tenant). Model B is not economically viable at 6,785 call sites.",evidence/raw/remaining-counts.tsv; interface/globals.php; sql/database.sql; 10-database-and-tenancy-evidence.md; 16-control-plane-constraints.md,
Q12,C-Tenancy,Tenant routing scheme,TRUE,answered,CONFIRMED,Hostname->site routing EXISTS but only for unauthenticated requests: interface/globals.php:295-297 and index.php:14 consult HTTP_HOST only when $ignoreAuth is set. Authenticated traffic resolves site from $_GET['site'] (wins) or session site_id. A regex allowlist at globals.php:304 is the sole guard.,"Subdomain routing for authenticated traffic needs a small, well-bounded globals.php patch (lift the HTTP_HOST branch out of the $ignoreAuth guard) PLUS per-subdomain cookie scoping (Q17). It is not free but it is small.","Subdomain-per-tenant, implemented as a minimal globals.php patch plus cookie scoping. Never expose ?site= publicly - it remains accepted and takes precedence.",interface/globals.php; 16-control-plane-constraints.md,
Q13,C-Tenancy,Tenant-count ceiling,TRUE,partially_answered,MEDIUM,"Repository establishes the binding constraints, not the number. Connection pooling is per-{Apache worker x DSN} (DatabaseConnectionFactory.php:113,137-151), so DB-per-tenant yields up to N_tenants x M_workers persistent handles. Cross-site iteration is an opendir(sites/) walk (admin.php:75-115). Background jobs run once per site per cron via bin/console --site=<name>.","The ceiling is set by connection-handle math and per-site cron fan-out, both of which are measurable before committing. 500 tenants implies a jobs consolidator and pooling discipline.","Provisional: design for 500, revisit at 200. Disable connection pooling or cap workers; build a jobs consolidator before tenant 100.",admin.php; src/BC/DatabaseConnectionFactory.php; 16-control-plane-constraints.md,Product: 24-month tenant forecast.
Q14,C-Tenancy,Per-tenant Apache/TLS/observability config location,TRUE,partially_answered,HIGH,"No per-tenant vhost/TLS/log-shipping config exists in the repo. The only per-site executable seam is sites/<site>/config.php, require_once'd at interface/globals.php:649.","Nothing in-repo to migrate; the decision is purely organisational. Note that sites/<site>/config.php is an arbitrary-PHP execution point per tenant and must be operator-controlled, never tenant-writable.",Provisional: separate infra repo (matches Q41). Treat sites/<site>/config.php as operator-only.,interface/globals.php; 16-control-plane-constraints.md; 14-frontend-ui-evidence.md,Ops: repo topology and release-coupling preference.
Q15,C-Tenancy,Cross-tenant analytics: Day-1 or Day-N?,TRUE,partially_answered,HIGH,"Under the locked Model A there is no cross-tenant query path: each site is a physically separate database with no shared identifiers, and site-local ids collide by design (two sites both have documents.id = 1). Cross-tenant analytics therefore requires an ETL into a warehouse keyed on (site_name, entity_id) or UUIDs.","If analytics is Day-1, ETL scaffolding must be in the MVP and the id-namespacing rule must be enforced from the first custom table. Retrofitting is expensive.","Day-N for dashboards, but enforce the (site_name, entity_id) / UUID rule from day one so the ETL stays possible.",sql/database.sql; src/Services/InsuranceCompanyService.php; 10-database-and-tenancy-evidence.md; 16-control-plane-constraints.md,Product: whether HQ dashboards are an MVP commitment.
Q16,C-Tenancy,Central identity across tenants at Day-1?,TRUE,answered,CONFIRMED,The session cookie name is a global constant - CORE_SESSION_ID = 'OpenEMR' at src/Common/Session/SessionUtil.php:81 - so one browser holds one tenant login at a time. Additionally every human needs a LOCAL users row plus gacl_aro records per tenant DB; no code path consults an external authorization service.,Cross-tenant SSO requires BOTH a cookie-naming patch (Q17) AND a central identity-to-local-user mapping. Authentication can federate; authorization cannot leave the tenant DB.,No cross-tenant SSO Day-1. Federate authentication via Keycloak per tenant; keep authorization tenant-local.,interface/login/login.php; src/Common/Session/SessionUtil.php; 11-authentication-authorization-evidence.md; 16-control-plane-constraints.md,
Q17,C-Tenancy,Per-tenant cookie names?,TRUE,answered,CONFIRMED,"CORE_SESSION_ID is a hardcoded constant 'OpenEMR' (SessionUtil.php:81). Namespacing it per site is a small, well-localised class-c patch, but it is a permanent carry across every rebase.",Directly gates Q16 and interacts with Q12: subdomain routing without cookie scoping lets one tenant's cookie be presented to another tenant's host.,"Accept the one-tenant-per-browser constraint Day-1, BUT set cookie Domain/Path per subdomain at the proxy so Q12 is safe. Patch SessionUtil only if Q16 flips.",src/Common/Session/SessionUtil.php; 16-control-plane-constraints.md,
Q18,D-Saudi,Arabic UI baseline: extend existing or greenfield?,TRUE,answered,CONFIRMED,"Arabic coverage measured at 47.53%: 6,290 Arabic rows out of 13,234 unique lang_constants in contrib/util/language_translations/currentLanguage_utf8.sql. The default installer ships EN-only (sql/database.sql:3569) so Arabic requires a post-install import. The frontend i18next layer reads the SAME lang_* tables (interface/main/tabs/main.php:335-349) - there is no separate JSON catalogue to maintain.","Because the frontend already piggybacks on the backend catalogue, extending the SQL catalogue fixes both legacy and modern screens at once. Greenfield JSON would fork the catalogue in two.","Extend the existing SQL catalogue; do not start a parallel JSON catalogue. Budget translation of the missing 6,944 constants plus MSA terminology review.",contrib/util/language_translations/currentLanguage_utf8.sql; interface/main/tabs/main.php; sql/database.sql; 13-localization-arabic-evidence.md,
Q19,D-Saudi,Hijri calendar policy,TRUE,answered,CONFIRMED,"Zero Hijri support exists: no matches for 'hijri', 'IntlCalendar', or 'moment-hijri' anywhere in tracked files. library/date_functions.php:43-54 is hard-Gregorian.","Entirely greenfield: a HijriDate value type, PHP IntlCalendar wrappers, moment-hijri (~10 kB), dual-calendar pickers, and formatters for DOB/appointment/lab/PDF paths. Cost is driven by how many surfaces must show it.","Provisional: dual-display on appointment/billing screens, Gregorian-only on clinical timestamps. Scope by surface count, not by 'add Hijri support'.",library/date_functions.php; 13-localization-arabic-evidence.md,Product/clinical: which fields must show Hijri.
Q20,D-Saudi,Currency policy,TRUE,answered,CONFIRMED,No multi-currency schema exists: no currency column on billing (sql/database.sql:245-278) or any financial table. Display symbol is a single global gbl_currency_symbol defaulting to '$' (library/globals.inc.php:820).,"SAR-only is nearly free (set one global, patch the FHIR hardcode per Q26). Multi-currency requires schema changes, an FX table, and currency-awareness in every report - a disproportionate cost for single-country KSA.","SAR only. Set gbl_currency_symbol, fix Q26. Defer multi-currency until a second country is actually sold.",library/globals.inc.php; sql/database.sql; 13-localization-arabic-evidence.md,
Q21,D-Saudi,ZATCA e-invoicing scope,TRUE,partially_answered,CONFIRMED,"Zero ZATCA support: no matches for zatca, fatoora, invoice_hash, qr_code_invoice, or e-invoice. Tax infrastructure is a rates registry only (list_options list_id='taxrate' at sql/database.sql:4354; codes.taxrates colon-list at :1135). There is NO tax-amount column on billing.","Even ZATCA Phase 1 needs a new tax-amount persistence layer, not just a QR encoder - the schema cannot record the tax actually charged. Phase 2 adds XML signing, device onboarding and Fatoora API integration.","Provisional Phase 2, but sequence it: (1) add tax-amount persistence, (2) Phase 1 QR, (3) Phase 2 clearance. Step 1 is a prerequisite for both.",sql/database.sql; 13-localization-arabic-evidence.md,Legal/Finance: ZATCA wave assignment and deadline.
Q22,D-Saudi,MSA vs Saudi-dialect terminology,FALSE,external_decision_required,LOW,The bundled catalogue is MSA of unmeasured fidelity (47.53% coverage per Q18). The repository cannot adjudicate dialect preference.,"Affects translation cost and glossary maintenance, not architecture. Mixing the two is the worst outcome.",Provisional: MSA everywhere; revisit patient-portal wording only after user testing.,contrib/util/language_translations/currentLanguage_utf8.sql; 13-localization-arabic-evidence.md,Product + Saudi clinical reviewer: dialect policy.
Q23,D-Saudi,Per-user timezone/language preference,TRUE,answered,CONFIRMED,"Timezone is site-wide: gbl_time_zone (library/globals.inc.php:777) applied at interface/globals.php:520, with a UTC default at bootstrap.php:30. Language is already per-session via language_choice, and a per-user override mechanism exists generically through user_settings (proven for css_header at globals.php:437-450).","Saudi is a single timezone, so site-wide is sufficient there. Per-user language needs no new mechanism - user_settings already supports per-user global overrides.",Site-wide timezone (Asia/Riyadh). Per-user language toggle via the existing user_settings overlay - no new schema required.,interface/globals.php; library/globals.inc.php; 13-localization-arabic-evidence.md,
Q24,D-Saudi,bootstrap-rtl sustainability,TRUE,answered,CONFIRMED,bootstrap-rtl is fetched by napa as a pinned single-commit GitHub archive of an unmaintained third-party fork (package.json:113). If that URL disappears the build breaks with no local copy.,"This is a live build-availability risk, not a styling preference. Vendoring is a same-day mitigation independent of any Bootstrap 5 decision.",Vendor the current zip into the repo IMMEDIATELY (removes the availability risk today). Plan the Bootstrap 5 native-RTL migration as a separate Phase-2 item.,package.json; 13-localization-arabic-evidence.md,
Q25,D-Saudi,PDF Arabic fonts,TRUE,answered,CONFIRMED,"No Arabic-capable font is tracked: git ls-files finds no amiri*, noto*naskh*, noto*sans*arabic*, or dejavu* font files. After composer install, mPDF's transitive DejaVuSans is the only fallback - a fallback, not a professional Arabic typeface. interface/themes/rtl_style_pdf.css does ship.","Every Arabic PDF (invoices, prescriptions, future ZATCA output) renders with inadequate typography until a proper face is bundled. One-time ~5-10 MB cost, no downside.",Bundle Amiri and Noto Naskh Arabic; wire into the mPDF font map. Do this before any Arabic PDF is shown to a customer.,interface/themes/rtl_style_pdf.css; 13-localization-arabic-evidence.md,
Q26,D-Saudi,Hardcoded USD in FHIR Coverage,TRUE,answered,CONFIRMED,"src/Services/FHIR/FhirCoverageService.php:294 hard-codes 'USD', alongside 5 other USD hardcodes identified in the prior localization audit.","Small, isolated patch. Because the fork carries zero patches today (Q1), an upstream PR keeps that record clean; a local wrapper starts the class-c patch ledger.",Upstream PR the fix (benefits every fork and preserves the zero-patch record). Carry a local wrapper only if the PR stalls past the NPHIES milestone.,src/Services/FHIR/FhirCoverageService.php; 13-localization-arabic-evidence.md; 12-fhir-nphies-billing-evidence.md,
Q27,E-NPHIES,FHIR Claim submission architecture,TRUE,answered,CONFIRMED,Option A is blocked today: Coverage is read-only and Claim/ClaimResponse have NO HTTP surface. Option B is blocked by missing billing events (Q30) - src/Billing/ contains zero event dispatches. Option C (polling) works with zero core changes and is exactly what the shipped claimrev-connect module does.,Only Option C is executable today without core patches. The evidence directly supports the phased plan rather than an architectural argument.,"Option C (background polling) for MVP, mirroring claimrev-connect. Migrate to Option A after the Q30 events and the Q28 write surface land.",evidence/raw/count-rest_controllers.txt; src/Billing/BillingProcessor/BillingProcessor.php; src/Services/FHIR/FhirCoverageService.php; 12-fhir-nphies-billing-evidence.md,
Q28,E-NPHIES,Ownership of FHIR write-surface build,TRUE,partially_answered,HIGH,"The type surface is partially free but the HTTP surface is absent. 103 FHIR service files and 90 REST controllers exist, with 491 FhirSearchParameterDefinition registrations - but Coverage(write), Claim, ClaimResponse, EOB, CoverageEligibilityRequest/Response and PaymentNotice have no controllers. FHIRClaim/FHIRClaimResponse data classes do exist under src/FHIR/R4/.","Each resource is controller + FhirService mapping on top of an existing generated data class - a repeatable 1-2 sprint unit, not a research task.",Fold into the NPHIES module deliverable that owns Q27. Verify EOB/Eligibility*/PaymentNotice data classes exist before sizing.,evidence/manifests/q62-fhir-service-files.txt; evidence/raw/count-rest_controllers.txt; src/FHIR/R4/; 12-fhir-nphies-billing-evidence.md,
Q29,E-NPHIES,x12_partners reuse vs new nphies_partners table,TRUE,answered,CONFIRMED,"x12_partners carries OAuth columns (x12_token_endpoint, x12_client_id, x12_client_secret) that would technically fit NPHIES. But the custom_ prefix is NOT reserved by upstream (zero baseline tables, zero upgrade files, zero module SQL use it), and shipped modules use vendor-slug prefixes instead.",Reusing an X12-named table for Saudi FHIR overloads the semantics and complicates every rebase diff. A new table is cleaner and the prefix decision is settled by Q58.,New saas_nphies_partners table (saas_ prefix per Q58). Do not overload x12_partners.,evidence/snippets/q68-custom-prefix-evidence.md; sql/database.sql; 10-database-and-tenancy-evidence.md; 12-fhir-nphies-billing-evidence.md,
Q30,E-NPHIES,Missing billing/core events: upstream PR or polling emulation?,TRUE,answered,CONFIRMED,"src/Billing/ contains NO event dispatch, no factory, no registry and no service-locator lookup. Task selection is a hard-coded if/elseif ladder keyed on $_POST['bn_*'] strings at BillingProcessor.php:161-192. There is no transaction boundary and no idempotency key; claim status is written row-by-row with auto-commit (GeneratorX12.php:151,168).",Event-driven NPHIES is impossible today without a core patch. The absent transaction boundary also means an outbox pattern cannot be added without touching the same code.,"Do both in parallel: ship with polling (Q27 Option C), and open a narrow upstream PR converting the if/elseif ladder into a task registry plus one pre-dispatch event - a change confined to BillingProcessor.php.",src/Billing/BillingProcessor/BillingProcessor.php; src/Billing/BillingProcessor/Tasks/GeneratorX12.php; 12-fhir-nphies-billing-evidence.md,
Q31,E-NPHIES,Keep claimrev-connect in Saudi deployments?,TRUE,answered,CONFIRMED,"Verified empirically on a populated vendor/ tree (not available to the prior audit): claimrevolution/oe-module-claimrev-connect v2.1.6 is the ONLY openemr-module type package in vendor/composer/installed.json. Composer installs it as a REAL directory (not a symlink) of 134 files at interface/modules/custom_modules/oe-module-claimrev-connect, which .gitignore:15 excludes from tracking.","It is a genuine runtime dependency of composer install, so removing it means editing composer.json - a fork patch. Disabling it at provisioning time costs nothing and keeps the zero-patch record intact.",Keep in composer.json (preserves zero-patch record and upstream test parity); disable in Saudi tenant provisioning defaults.,.gitignore; composer.json; vendor/composer/installed.json; 08-dependency-runtime-inventory.csv,
Q32,F-Frontend,Patient portal strategy,TRUE,partially_answered,HIGH,"The portal is a separate Smarty-based app with its own credentials (patient_access_onsite) and its own logo resolution (portal/index.php:62-64, portal/home.php:87,362), fronted by portal REST endpoints. Swapping it does not disturb the main UI.","The isolation is real, which de-risks a greenfield SPA: it can be built alongside the existing portal and cut over per tenant.","Provisional: rebrand for MVP, greenfield SPA in Phase 2, exploiting the portal's isolation to cut over tenant-by-tenant.",interface/globals.php; portal/index.php; 14-frontend-ui-evidence.md,Product: patient-facing mobile expectations at launch.
Q33,F-Frontend,Main-UI strategy,TRUE,answered,CONFIRMED,"Q72's scan corrects the '611 grid files' figure: 5,460 first-party UI files scanned, of which 575 are legacy iframe entry points or files they include, 1,098 shared templates, and 416 custom-module screens. Shell replacement means touching the legacy iframe population, not 611 arbitrary files.","A full shell replacement is a multi-quarter project against a measured, not guessed, surface. Tab-by-tab SPA embedding is bounded and provable.",Stay on BS4/Twig; embed SPAs tab-by-tab as new modules require them. Do not attempt shell replacement.,18-q72-ui-responsiveness-inventory.csv; 19-q72-ui-responsiveness-summary.md,
Q34,F-Frontend,Themes: how many Saudi variants?,TRUE,answered,CONFIRMED,"Themes are shared immutable CSS under public/themes/, chosen by FILENAME via globals.css_header with a per-user user_settings override, and gated by a file_exists() check at interface/globals.php:476 that blocks arbitrary filenames. The dropdown is a filesystem scan (edit_globals.php:714-731), not a DB list. RTL is a filename substitution (rtl_<name>.css) at globals.php:551-611.",Per-tenant brand colour must NOT be a per-tenant CSS file - the runtime has no per-site CSS include at all (Q59). It has to be a token/variable override on a shared bundle.,"Ship 2 themes (light-RTL, dark-RTL). Implement per-tenant branding as CSS-variable design tokens over a shared immutable bundle plus per-site logos - never per-tenant CSS files.",interface/globals.php; interface/super/edit_globals.php; 14-frontend-ui-evidence.md,
Q35,F-Frontend,CKEditor 5 Arabic bundling,TRUE,answered,CONFIRMED,"CKEditor 5 is configured at library/js/nncustom_config.js:198 and library/js/limitedcustom_config.js:259, and grep for language/direction/rtl/ltr in both returns ZERO hits. The @ckeditor/ckeditor5-language 47.6.2 package IS already present in package-lock.json:1173-1175 but is never wired.","The dependency is already paid for; this is a config change, not a bundling project. Without it the WYSIWYG toolbar stays English in Arabic tenants.",Set language: 'ar' and contentsLangDirection: 'rtl' in both OE CKEditor configs. Trivial - do it with Q18.,library/js/nncustom_config.js; package-lock.json; 13-localization-arabic-evidence.md,
Q36,G-Modules,Byte identity of in-tree oe-module directories,TRUE,answered,CONFIRMED,"SEVEN in-tree module directories exist (not six), and ZERO have fork-only modifications. Against v8_2_0 only one file differs - oe-module-comlink-telehealth/tests/bootstrap.php - and that difference is caused by an UPSTREAM commit present in HEAD but not in the release cut (0ec6697e0 'feat(bc): add internal deprecation utility (#12753)'). Working tree is clean: git status over custom_modules returns 0 entries. oe-module-claimrev-connect is composer-installed and gitignored, so it has no tracked blobs to compare.","The blocking premise behind Q36 dissolves: there is no per-module hotfix ledger to maintain, and the fork-vs-upstream module diff is provably empty.",Treat all seven tracked modules as pristine upstream. No hotfix tracking needed. Re-run the one-line diff each rebase to keep the claim true.,17-q36-module-byte-identity.md; 06-module-drift-inventory.csv,
Q37,G-Modules,openemr/oe-module-installer-plugin internals,TRUE,answered,CONFIRMED,"Read from installed source (vendor/ populated on this machine; unavailable to the prior audit). Plugin class: OpenEMR\Composer\ModuleInstallerPlugin\Plugin (Plugin.php:9), which on activate() registers CustomModuleInstaller and ZendModuleInstaller. CustomModuleInstaller extends Composer's LibraryInstaller, supports() only 'openemr-module', and getInstallPath() returns interface/modules/custom_modules/<LAST SEGMENT OF PACKAGE NAME> (CustomModuleInstaller.php:13-20). Confirmed in practice: installed.json maps claimrev-connect to that path and the result is a real directory of 134 files, not a symlink.",OVERLAY RISK IDENTIFIED: the install path derives ONLY from the package name's last segment and ignores the vendor. Any composer package named <anyvendor>/oe-module-weno would resolve to the SAME directory as the tracked upstream oe-module-weno. Packaging our own modules must use names that cannot collide with upstream module directory names.,Name our packages so the last segment is unique (e.g. saas/oe-module-saas-nphies). Add a CI check asserting that no composer package resolves onto a tracked module directory.,vendor/composer/installed.json; vendor/openemr/oe-module-installer-plugin/src/CustomModuleInstaller.php; vendor/openemr/oe-module-installer-plugin/src/Plugin.php; 08-dependency-runtime-inventory.csv; q37-q70-installer-plugin-analysis.md,
Q38,G-Modules,Twig namespacing convention for custom modules,TRUE,answered,HIGH,"TwigContainer::addPath() supports namespaces but no convention is enforced in-tree, so template resolution is order-dependent and two modules shipping layout.twig collide silently.",The collision is silent and surfaces at rebase/deploy time. Enforcing a prefix costs one scaffolding line.,Enforce a @<module_slug>/ namespace prefix in the module scaffolding template and assert it in CI.,src/Common/Twig/TwigContainer.php; 08-dependency-runtime-inventory.csv,
Q39,H-DevOps,Do we publish our own Docker images?,TRUE,partially_answered,HIGH,"59 GitHub workflows ship, including the docker-build/docker-release family. Because the fork will carry Arabic assets, Amiri/Noto fonts (Q25), a vendored bootstrap-rtl (Q24) and an NPHIES module, the runtime artifact necessarily diverges from upstream's image.","The divergence list is now concrete, which makes 'publish our own' a consequence of earlier locked decisions rather than an independent choice.",Publish our own images to a private registry. Adopt upstream's docker-build workflows as the starting point.,evidence/manifests/q39-workflow-inventory.txt; q39-workflow-inventory.txt,Ops: registry choice and image-signing policy.
Q40,H-DevOps,Inferno ONC certification in scope?,TRUE,answered,CONFIRMED,"Inferno ships as two git submodules (ci/inferno/onc-certification-g10-test-kit and ci/inferno/inferno-files) plus inferno-test.yml. It validates US ONC / US Core conformance, which has no Saudi regulatory force.",Keeping it costs CI minutes but provides a regression net over the FHIR surface that NPHIES work will touch. Removing it frees the fork to diverge from US Core.,"Remove from required checks, keep the config so re-enabling is one line. Re-evaluate if US Core divergence becomes deliberate.",evidence/manifests/q40-inferno-artifacts.txt; q40-inferno-artifacts.txt,Product: whether any customer requires ONC certification.
Q41,H-DevOps,k8s/Helm charts - in-fork or infra repo?,TRUE,answered,CONFIRMED,Zero Helm/k8s artifacts exist in the repository (same evidence as Q3). Nothing to migrate either way.,"Because there is no existing chart, choosing the infra repo now costs nothing; choosing in-fork later would require a move.","Separate infra repo, referenced by SHA from this fork's release notes (matches Q14).",evidence/manifests/q3-deployment-artifacts.txt; q3-deployment-artifacts.txt,Ops: repo topology.
Q42,H-DevOps,Production X-Forwarded-For handling,TRUE,answered,CONFIRMED,"The application trusts XFF blindly. collectIpAddresses() (library/sanitize.inc.php:29-46) appends the ENTIRE client-supplied chain, unparsed, to ip_string; there is no trusted-proxy allowlist anywhere (0 matches). The value reaches the log table (LogTablesSink.php:70) and auth-failure comments (EventAuditLogger.php:265-266). Mitigation: the real socket peer is preserved separately in the 'ip' key.","This is a code-level audit-log forging vector, not merely a deployment posture question as originally framed. It must be fixed in code or neutralised at the proxy before Go-Live.",Strip inbound XFF at the edge and re-add exactly one hop from our own LB; additionally parse to the rightmost entry in code. Treat existing forward_ip values as untrusted.,library/sanitize.inc.php; src/Common/Logging/Audit/LogTablesSink.php; 15-security-compliance-code-evidence.md; 11-authentication-authorization-evidence.md,
Q43,I-Security,Rotate exposed GitHub PATs,TRUE,answered,CONFIRMED,"SCOPE IS LARGER THAN RECORDED: 4 compose files x 3 variables = 12 hardcoded token values, not 2 in one file. Locations: development-easy:75-77, development-easy-light:75-77, development-easy-redis:180-182, development-insane:224-226. Three obfuscation layers are used for the same secret class (raw, base64, space-separated decimal char codes), all decoded inline by docker/flex/openemr.sh:766-790. All values REDACTED and never written to any artifact.","Naive ghp_-prefix scanners miss two of the three variants, which is why only one file was previously found. Critically, these are UPSTREAM's committed tokens - the fork has zero own commits - so rotation is upstream's action; the fork's duty is containment.","Treat as burned. Report upstream. Ensure they never reach a published image or public fork. Add a secret scanner that detects base64 and decimal-encoded token variants, not just ghp_.",docker/development-easy-redis/docker-compose.yml; docker/development-easy/docker-compose.yml; docker/flex/openemr.sh; 15-security-compliance-code-evidence.md,
Q44,I-Security,Per-tenant KMS key isolation Day-1?,TRUE,answered,HIGH,"No KMS SDK exists in composer.json. Keys are per-site files on disk: $OE_SITE_DIR/documents/certificates/oa{private,public}.key (OAuth2KeyConfig.php:63-64) and sites/<site>/documents/logs_and_misc/methods/.","DB-per-tenant ALREADY delivers per-tenant key isolation by construction. A KMS adds rotation, escrow and HSM custody - not isolation. This materially shrinks Day-1 scope.",Day-1: keep per-site key files (isolation already achieved); add a KMS-backed wrapper for CUSTODY and rotation of the site key material. Do not rebuild encryption.,composer.json; src/Common/Auth/OAuth2KeyConfig.php; 15-security-compliance-code-evidence.md; 16-control-plane-constraints.md,
Q45,I-Security,Saudi PDPL data-residency plan,FALSE,external_decision_required,EVIDENCE-BLOCKED,"No repository evidence can answer this. The repo constrains only that each tenant is a separate database and separate filesystem tree, which makes per-region placement mechanically straightforward.","Residency drives cloud provider, region, backup destinations and observability endpoints - all outside the codebase. Model A makes per-region tenant placement easy, which is the one relevant repository fact.","Provisional: Kingdom-only region. Confirm with legal before Go-Live. Safe default: assume no cross-border transfer, including for backups, logs and metrics.",interface/globals.php; 16-control-plane-constraints.md,Legal: approved regions + cross-border transfer position for backups/telemetry.
Q46,I-Security,Breakglass justification-prompt UI,TRUE,answered,CONFIRMED,gbl_force_log_breakglass exists at library/globals.inc.php:2851-2856 with default '1' (ON). It LOGS emergency user activity; no justification-prompt UI exists anywhere.,Premise confirmed exactly: logging without a reason prompt. Auditors typically expect the reason. Build cost is small and it is additive (no core behaviour change).,"Build the justification prompt as a module/overlay rather than a core patch, so it survives rebases.",library/globals.inc.php; 15-security-compliance-code-evidence.md,
Q47,I-Security,Default value of drive_encryption for Saudi tenants,TRUE,contradicted,CONFIRMED,"PREMISE CORRECTED: drive_encryption ALREADY DEFAULTS TO ON ('1') at library/globals.inc.php:1035-1040. The prior audit recorded this as unverified. database_encryption likewise defaults to '1' (:1028-1032), consumed at Crypto.php:65 and CryptoGen.php:82. The deprecated couchdb_encryption global (:1043-1048) is an explicit no-op.",No patch is required - only a provisioning guarantee that tenants never turn it off. Converts a code change into a configuration assertion.,Force on via provisioning defaults and assert it in a tenant health check. No core patch needed.,library/globals.inc.php; src/Common/Crypto/CryptoGen.php; 15-security-compliance-code-evidence.md,
Q48,I-Security,Audit-log retention (PDPL 5+ years),TRUE,answered,CONFIRMED,"No retention policy, pruner or archival job exists for log / api_log. The seeded background_services rows (sql/database.sql:209-217) contain no log-maintenance service. Tables grow without bound.","Both a compliance floor and a cost ceiling are unmet. The background_services mechanism is the natural, already-supported place to add a pruner without a core patch.",Build a retention job as a background_service (no core patch). Default 7 years pending the legal answer on the binding floor.,sql/database.sql; 15-security-compliance-code-evidence.md,Legal: minimum retention for audit logs and health records.
Q49,I-Security,AV scanning for uploads (ClamAV),TRUE,answered,CONFIRMED,"Zero antivirus integration exists (0 matches for clamav/virus_scan/antivirus). The only content gate is isWhiteFile() (library/sanitize.inc.php:113), called from just 2 sites (C_Document.class.php:243, DocumentService.php:130), BOTH gated behind the operator-disableable secure_upload global (default '1' ON, globals.inc.php:2125-2130). createDocument( has 26 call sites but only 2 consult the allow-list. No magic-byte MIME validation on the gate, no quarantine, no size limit beyond php.ini.","Extension allow-listing alone is the weakest standard control, it is switchable off, and its coverage across document-creation paths is unverified. For a healthcare SaaS accepting patient/lab/scan uploads this is a material gap.",Required Day-1: AV sidecar plus magic-byte validation. Pin secure_upload=1 in provisioning. Audit all 26 createDocument callers and resolve the :154/:243 ordering question.,controllers/C_Document.class.php; library/globals.inc.php; library/sanitize.inc.php; 15-security-compliance-code-evidence.md,
Q50,I-Security,Add .github/SECURITY.md and .github/dependabot.yml,TRUE,contradicted,CONFIRMED,"DECISION CONTRADICTED: BOTH FILES ALREADY EXIST. .github/SECURITY.md ships (two disclosure routes: GitHub private advisory and security@open-emr.org with a PGP key), .github/dependabot.yml ships with a full weekly composer configuration (grouped symfony/laminas/development updates, PR limit 15), plus a bonus dependabot-auto-merge.yml workflow.","The task as written is already done. The REAL remaining action is different: SECURITY.md directs reporters to the OpenEMR security team, which is wrong for a fork holding Saudi tenant PHI and must be rewritten.","Close the original item as already satisfied. Open a NEW item: rewrite SECURITY.md for the fork's own disclosure channel, and decide whether Dependabot stays enabled given the Q2 rebase cadence.",.github/SECURITY.md; .github/dependabot.yml; .github/workflows/dependabot-auto-merge.yml; 15-security-compliance-code-evidence.md,
Q51,J-Testing,Current numeric coverage % baseline,TRUE,answered,CONFIRMED,"Retrieved LIVE during this audit run from the official Codecov v2 API (https://api.codecov.io/api/v2/github/openemr/repos/openemr/, updatestamp 2026-08-07T06:02:21Z): coverage 28.66%, files 4028, lines 428660, hits 122880, misses 305780, branch master. The prior run measured 27.53% on 2026-07-21 (+1.13 pp in ~17 days). This measures UPSTREAM openemr/openemr; the fork is not onboarded to Codecov, but since fork HEAD is a strict ancestor of upstream master the number is representative.","The real baseline is ~29%, not the ~4% historical figure cited in codecov.yml:24. A 60% total-coverage target would be a large uplift; an 80% patch-coverage target on new code is achievable and standard.","Set our-module targets at 80% patch / 60% total. Distinguish clearly: online aggregate 28.66% (upstream), configured target in codecov.yml, and our new-code target.",codecov.yml; evidence/raw/q51-codecov-api-response.txt; q51-codecov-api-response.txt; 09-test-and-ci-inventory.md,
Q52,J-Testing,CI DB strategy: fresh-per-job or persistent?,TRUE,answered,CONFIRMED,"TWO divergent patterns coexist. integration-tests.yml uses GitHub-native services: containers - genuinely fresh MySQL/MariaDB per matrix arm. test.yml (used by test-all.yml and test-scheduled.yml) uses compose-stack DBs: a setup job installs OpenEMR, dumps the DB, and each parallel test job RESTORES that snapshot. So: fresh container per arm, same snapshot restored across suites within an arm.","Because a snapshot is restored rather than rebuilt, cross-suite interdependency bugs are possible within an arm. Our own suites should not inherit that pattern.",Fresh-per-job for our module suites; leave upstream suites as-is to avoid a fork patch.,.github/workflows/integration-tests.yml; .github/workflows/test.yml; 09-test-and-ci-inventory.md,
Q53,J-Testing,Panther local ChromeDriver fallback on Windows,TRUE,answered,CONFIRMED,"symfony/panther ^2.0 (composer.json:159). CI uses a SHA-pinned Selenium standalone-chromium at ci/compose-shared-selenium/docker-compose.yml:2-3, reached at http://selenium:4444/wd/hub (BaseTrait.php:26,37,72). A local-ChromeDriver fallback exists at BaseTrait.php:79 (static::createPantherClient() when SELENIUM_USE_GRID != true) but is exercised by NO workflow. Environment note: this audit machine cannot run Docker at all (GCE VM without nested virtualization), so container-based E2E is unavailable here regardless.","The fallback is untested by CI, so relying on it is unsupported. On hosts without Docker the E2E suite simply cannot run - a real constraint for this team's current hardware.",Mandate dev-in-container for E2E and document it. Do not invest in the Windows fallback. Note the hardware constraint explicitly in onboarding docs.,ci/compose-shared-selenium/docker-compose.yml; composer.json; tests/Tests/E2e/Base/BaseTrait.php; 09-test-and-ci-inventory.md,
Q54,K-Misc,Review tools/ directory,TRUE,answered,CONFIRMED,"19 tracked files, fully enumerated. 18 are the upstream release-automation toolkit under tools/release/ (bin/ CLI entrypoints: branch-to-version, create-tag, derive-prev-release, dispatch, render-pr-body, verify-tag; src/ supporting classes; one JSON contract schema). The 19th is tools/ci/analyze-flaky-tests.sh. No secrets, no dead scripts, no developer footguns.","The [BUILD/TOOLING] classification was accurate. This tree is upstream release machinery the fork does not need to own, but it is also harmless to carry.","Accept the classification and move on. If the fork publishes its own releases (Q39), tools/release/ becomes directly reusable.",evidence/manifests/q54-tools-inventory.txt; q54-tools-inventory.txt,
Q55,K-Misc,wkhtmltopdf-openemr and oe-module-cqm transitive owners,TRUE,answered,CONFIRMED,"Verified against a populated vendor/ tree (unavailable to the prior audit): NEITHER package appears in vendor/composer/installed.json (247 packages installed). Both are declared only as VCS repositories (composer.json:161-165 and :166-169), are not in require, and are not in composer.lock. They are DEAD entries.",Removing them is safe and removes two rebase-conflict surfaces. Confirmed empirically rather than inferred.,"Safe to remove - but note this would be a fork patch to composer.json. Given the zero-patch record (Q1), prefer an upstream PR or simply leave them (they cost nothing at runtime).",composer.json; vendor/composer/installed.json; 08-dependency-runtime-inventory.csv,
Q56,K-Misc,React 15 via napa - who consumes it?,TRUE,partially_answered,MEDIUM,Consumer-graph tracing (evidence/snippets/q56-react15-consumer-graph.md) found the declaration and the napa download path but no confirmed runtime consumer in first-party code. Classification remains 'uncertain' rather than 'dead' because removal has not been proven not to change generated assets.,"React 15 is 9+ years out of support. If genuinely unused it is pure CVE surface that can be deleted; the remaining step is a build-output diff, not more grepping.",Run the decisive test: build with and without the napa React entry and diff public/ output. Remove only if byte-identical. Do NOT declare it dead on grep evidence alone.,evidence/snippets/q56-react15-consumer-graph.md; package.json; q56-react15-consumer-graph.md,
Q57,K-Misc,documents.id / insurance_companies.id without auto_increment,TRUE,answered,CONFIRMED,"TWO DIFFERENT ANSWERS. documents.id: deliberate-by-inertia; every writer allocates via QueryUtils::generateId() against the global sequences table (UPDATE sequences SET id=LAST_INSERT_ID(id+1), atomic on InnoDB). Conversion is technically safe (zero INSERT ... VALUES (0,...) sites). insurance_companies.id: deliberate AND LOAD-BEARING - documented at InsuranceCompanyService.php:433-436 as sharing an id-space with pharmacies via the addresses satellite table, whose foreign_id is a bare int with no type discriminator. Converting it in isolation would silently corrupt address lookups.",The two tables must not be treated as one anomaly. More importantly it yields a hard rule for new tables: never share an id-space across tables.,"Leave BOTH alone; document as known anomalies. For new saas_* tables: bigint AUTO_INCREMENT PK + uuid binary(16) NOT NULL UNIQUE; never share id-spaces; use (source_table, source_id) tuples for cross-table refs.",src/BC/Database.php; src/Common/ORDataObject/ORDataObject.php; src/Services/InsuranceCompanyService.php; 10-database-and-tenancy-evidence.md,
Q58,K-Misc,Formal upstream policy on custom_ prefix,TRUE,answered,CONFIRMED,"NOT RESERVED. Zero baseline tables, zero upgrade-file operations, zero module SQL and zero documentation use the custom_ prefix. Shipped modules use vendor-slug prefixes (weno_*, comlink_telehealth_*) or bare descriptive names. Reservation is de facto, never de jure. Separately, 'custom' already means 'third-party module directory' in interface/modules/custom_modules/ - a semantic collision.",Relying on an unwritten reservation is a silent-collision risk at rebase time. A distinct prefix removes the risk without needing upstream cooperation.,Use saas_<domain>_ (not custom_). Add a rebase check: git diff <prev>..upstream/master -- sql/ | grep saas_ must stay empty. Open a docs PR upstream requesting reservation but do not block on it.,evidence/snippets/q68-custom-prefix-evidence.md; sql/database.sql; 10-database-and-tenancy-evidence.md,
Q59,K-Misc,sites/<tenant>/documents/theme/ per-site theme override path,TRUE,contradicted,CONFIRMED,"PREMISE REFUTED: sites/<tenant>/documents/theme/ has NO runtime behaviour whatsoever - 0 matches across **/*.php, **/*.twig and **/*.js. The string exists only in prior discovery documents. The actual per-tenant surface is: logos via LogoService (src/Services/LogoService.php:75-108) reading sites/<site>/images/logos/<type>/logo.*, legacy per-site images under OE_SITE_WEBROOT/images/, a per-site custom menu JSON, and sites/<site>/config.php (arbitrary PHP, interface/globals.php:649). NO per-site .css or .js is included at runtime anywhere.",Q34's per-tenant palette cannot be delivered as a per-tenant CSS file - the mechanism does not exist. It must be design tokens/CSS variables over a shared immutable bundle.,Unblock Q34 with: shared immutable CSS bundle + CSS-variable design tokens + per-site logos via LogoService. Never allow tenant-supplied CSS/JS (it would be an XSS and cross-tenant leakage vector).,interface/globals.php; src/Services/LogoService.php; 14-frontend-ui-evidence.md,
Q60,K-Misc,DB DEFAULT CHARSET / COLLATION at CREATE TABLE level,TRUE,partially_answered,MEDIUM,"Charset/collation evidence collected into evidence/manifests/q60-charset-collation.txt (per-table DEFAULT CHARSET occurrence counts in sql/database.sql plus the Installer's utf8mb4/COLLATE handling). The risk is real: if production MySQL has a different server default, Arabic sort order and case-folding change silently.",For an Arabic deployment collation is not cosmetic - it changes sorting and comparison of patient names. Pinning it explicitly is cheap insurance.,Pin utf8mb4_unicode_ci explicitly in provisioning and in all saas_* DDL. Verify empirically on a provisioned tenant with an Arabic sort test before Go-Live.,evidence/manifests/q60-charset-collation.txt; q60-charset-collation.txt,
Q61,K-Misc,DWV DICOM viewer locale JSON,TRUE,answered,CONFIRMED,"DWV 0.27.1 ships NINE locales - de, en, es, fr, it, jp, ro, ru, zh - and NO Arabic (no ar, ar-SA or ar_SA anywhere). Verified by fetching and inspecting the npm registry tarball, not by inference. Per-locale key counts are in evidence/manifests/dwv-locales.csv. An Arabic overlay needs 114 translation leaves plus 3 overlay leaves.",Bounded and precisely sized: 117 strings. DICOM controls would otherwise stay English inside an Arabic UI.,"Author ar/translation.json (114 leaves) + ar/overlays.json (3) as a fork-local overlay under public/assets/dwv/locales/ar/, and contribute upstream to ivmartel/dwv.",evidence/manifests/dwv-locales.csv; evidence/raw/dwv-0.27.1.tgz; 13-localization-arabic-evidence.md; dwv-locales.csv,
Q62,K-Misc,Full FHIR SearchParameter enumeration,TRUE,partially_answered,HIGH,"Structural census complete: 103 FHIR service files (evidence/manifests/q62-fhir-service-files.txt) containing 491 FhirSearchParameterDefinition registrations, alongside 90 REST controllers. The per-resource catalogue itself was not generated.","The catalogue is now a mechanical extraction from 491 known registration sites rather than an open-ended research task - roughly a day, as originally estimated.",Build the static catalogue when NPHIES conformance testing starts (Q28). Generate it from the 491 sites so it stays diffable across rebases.,evidence/manifests/q62-fhir-service-files.txt; evidence/raw/count-search_params.txt; q62-fhir-service-files.txt,
Q63,K-Misc,Numeric API versioning strategy,TRUE,answered,CONFIRMED,There is NO numeric version segment: zero /v1/ matches across REST controllers and the route map. Versioning today is implicit in the pinned US Core route-map filename.,"Introducing /v1/ retroactively means router changes plus a client migration window. Since NPHIES clients are not yet built, the cheapest moment to introduce versioning is at the first NPHIES endpoint - for new routes only.","Freeze the existing surface unversioned. Introduce /v1/ ONLY on new NPHIES/SaaS routes, so no existing client migration is ever required.",evidence/raw/count-api_version_seg.txt; 12-fhir-nphies-billing-evidence.md,
Q64,K-Misc,Application-tier rate limiting,TRUE,answered,CONFIRMED,"NO inbound rate limiting exists. All 17 'rate limit' matches are unrelated: PHPStan baselines, the fax module's OUTBOUND throttle to respect a vendor's limits (RCFaxClient.php:45,106,948,1063), GitHub API rate-limit messages in a release CLI, and a telemetry caching comment.",Per-OAuth-client fairness cannot be enforced at a proxy that cannot see the client_id. That is the specific gap proxy-only leaves.,"Proxy-only Day-1 for volumetric abuse. Add an app-tier per-client limiter when partner integrations go live, since only the app knows the OAuth client identity.",evidence/raw/count-rate_limit.txt; interface/modules/custom_modules/oe-module-faxsms/src/Controller/RCFaxClient.php; 12-fhir-nphies-billing-evidence.md,
Q65,K-Misc,BillingProcessor hookable extension points,TRUE,answered,CONFIRMED,"Well-factored INTERNAL OOP hierarchy (ProcessingTaskInterface -> GeneratorInterface; AbstractProcessingTask -> AbstractGenerator) but ZERO external-module extension surface. Task selection is a hard-coded if/elseif ladder keyed on $_POST['bn_*'] at BillingProcessor.php:161-192 - no factory, registry, service-locator or event dispatch anywhere in src/Billing/. GeneratorExternal is a legacy include of custom/BillingExport.php (file not shipped; only a rename-me stub), NOT a supported module mechanism. No transaction boundary and no idempotency key: GeneratorX12.php:151,168 auto-commit per row.",A NPHIES module CANNOT register a billing generator without patching core. It also answers the outbox question: there is no transaction boundary to hang one on.,"Upstream PR converting the if/elseif ladder into a POST-key->factory registry plus one pre-dispatch event - confined to BillingProcessor.php, so it is a clean, reviewable upstream change. Until it lands, use polling (Q27 Option C).",src/Billing/BillingProcessor/BillingProcessor.php; src/Billing/BillingProcessor/GeneratorInterface.php; src/Billing/BillingProcessor/Tasks/GeneratorX12.php; 12-fhir-nphies-billing-evidence.md; q65-billing-call-graph.md,
Q66,K-Misc,claimrev-connect FHIR emission,TRUE,answered,HIGH,"Analysed from the actually-installed v2.1.6 source (134 files). Reuse matrix recorded in evidence/snippets/q66-claimrev-reuse-matrix.csv, classifying each component as direct_reuse / pattern_reuse_only / not_reusable, and distinguishing genuine FHIR R4 resources from generic 'claim' vocabulary, X12 claims, UI labels and plain REST transport.","Determines whether NPHIES can crib implementation or only architecture. The transferable asset is the polling/reconciliation PATTERN (which Q27 Option C adopts), not X12-specific code.",Reuse the background-polling and state-reconciliation pattern; do not attempt to reuse X12 transport code for NPHIES FHIR.,evidence/snippets/oe-module-claimrev-connect-source-inventory.md; evidence/snippets/q66-claimrev-reuse-matrix.csv; q66-claimrev-reuse-matrix.csv,
Q67,K-Misc,Full audit of SQL interpolation sinks and echo-vs-text ratio,TRUE,partially_answered,MEDIUM,"Census complete, triage NOT complete. Data-access surface: 6,785 sites (see Q11). Output escaping is genuinely strong: 13,590 uses of the project's escaping helpers (echo xlt( 9,476 + echo attr( 2,060 + echo text( 2,054) vs 369 raw htmlspecialchars, 32 Twig |raw, and ZERO Smarty nofilter. Residual XSS risk concentrates in 390 innerHTML and 18 document.write JavaScript sinks, which PHP-side helpers do not protect.","The escaping discipline is much better than a truncated sample suggested, and the risk is now localised to a 408-site JavaScript worklist rather than the whole tree.","Run the dedicated pre-Go-Live security sprint, but retarget it: start with the 408 JS sinks and identifier-interpolation SQL, not a blanket review. Match lists in evidence/raw/ are the worklist.",evidence/raw/count-js_innerhtml.txt; evidence/raw/count-smarty_nofilter.txt; evidence/raw/remaining-counts.tsv; 15-security-compliance-code-evidence.md,
Q68,K-Misc,log.checksum chain verification cadence,TRUE,answered,CONFIRMED,"It is NOT A CHAIN. LogTablesSink.php:63 computes hash('sha3-512', implode('', array_values($logData))) - the current row's own fields only. No previous-row hash (not a chain), no secret key (plain hash(), not hash_hmac). Zero scheduled verifier exists anywhere. EventAuditLogger.php:670-671 notes log.checksum is unused since 6.0, with the operative value in log_comment_encrypt.",Anyone with UPDATE on the log tables can edit a row and recompute a valid checksum with a one-line script. Describing this as tamper-proof would be false. Verification cadence is not the gap - the CONSTRUCTION is.,"Do not schedule a verifier for a non-chain. To get real tamper-evidence all three are required: hash_hmac with a key the DB user cannot read, inclusion of the previous row's hash, and a scheduled verifier. Build as a saas_ overlay, then add the nightly job.",src/Common/Logging/Audit/LogTablesSink.php; src/Common/Logging/EventAuditLogger.php; 15-security-compliance-code-evidence.md,
Q69,K-Misc,Complete encryptStandard column inventory,TRUE,answered,CONFIRMED,"THE HEADLINE COUNT IS MISLEADING. Of 36 encryptStandard( sites, most are tests, PHPStan baselines and the crypto library's own interface. The real application write paths are only: SMART launch tokens (SMARTLaunchToken.php:132), key wrapping (CryptoGen.php:482), fax media tokens and vendor credentials (oe-module-faxsms), and the phone gateway password (reminders.php:399). NO CORE CLINICAL PHI COLUMN IS ENCRYPTED VIA THIS API - patient_data, form_encounter, billing and documents metadata are plaintext columns. What protects PHI at rest is drive_encryption (default ON, for files) and database_encryption (default ON, for the keys/audit-comment paths).",Any claim that 'OpenEMR encrypts PHI columns' is FALSE. Encryption-at-rest for clinical PHI depends on document encryption plus deployment-supplied volume/DB encryption. This materially changes the PDPL posture narrative and must not be misstated to auditors.,"State the posture accurately: file-level plus storage-level encryption, NOT column-level. Pin both globals on. If column-level PHI encryption is required by legal, treat it as a new build, not a configuration change.",evidence/raw/count-encryptstandard.txt; library/globals.inc.php; src/FHIR/SMART/SMARTLaunchToken.php; 15-security-compliance-code-evidence.md,
Q70,K-Misc,Vendored-vs-composer-installed oe-module-* runtime model,TRUE,answered,CONFIRMED,"Resolved empirically on a populated vendor/ tree. The seven tracked modules are NOT in composer.lock, so composer install never touches them - git is authoritative. Only claimrev-connect is composer-managed, and .gitignore:15 excludes its directory precisely because composer owns it. There is no overlay of tracked files today: authority is cleanly partitioned, and no module exists twice.","Confirms tracked copies are authoritative and production will not diverge silently from git. BUT see Q37: the installer resolves paths by package-name last segment only, so a future package could collide onto a tracked module directory.",Treat tracked copies as authoritative. Add a CI assertion that no composer package's install path collides with a tracked module directory (mitigates the Q37 overlay risk).,.gitignore; 08-dependency-runtime-inventory.csv; vendor/composer/installed.json,
Q71,K-Misc,Which module owns DICOM viewer include chain?,TRUE,answered,CONFIRMED,"DICOM viewing is CORE document-viewer functionality, not a dedicated module. The PHP->JS include chain from the document viewer through dicom_launcher.js to DWV is traced in 13-localization-arabic-evidence.md, along with how the DWV runtime locale is selected.","Because it is core rather than a module, the Arabic DWV overlay (Q61) must be delivered as an asset overlay, not packaged inside a module.",Bundle the Q61 Arabic locale work as a core asset overlay under public/assets/dwv/locales/ar/.,13-localization-arabic-evidence.md; library/js/dwv/,
Q72,K-Misc,File-level vs line-level responsiveness coverage,TRUE,answered,CONFIRMED,"The '611 files' figure is CORRECTED and replaced by a reproducible file-level inventory: 5,460 first-party UI files scanned (fingerprint sha256(q72-file-list.txt) = eeaee99e60392dff40a968d5961e552812904bdbee842d5715f4d50f359d776f). Classification reconciles to the row count: unknown/non-UI backend 3,111; shared_template 1,098; custom_module_screen 416; legacy_iframe_included_file 288; legacy_standalone_page 287; remainder per the summary. Exclusions are documented in evidence/raw/q72-scanner-exclusions.txt.","Sizes the RTL/mobile QA matrix against measured categories instead of a single unreconciled number, and directly supports the Q33 decision to avoid shell replacement.","Use the CSV as the RTL/mobile QA worklist. Prioritise the legacy iframe population (575 files) and the 416 module screens; treat the 3,111 non-UI rows as out of scope.",18-q72-ui-responsiveness-inventory.csv; 19-q72-ui-responsiveness-summary.md; evidence/raw/q72-file-list.txt,
Q73,K-Misc,Scripted count of QueryUtils:: call sites,TRUE,answered,CONFIRMED,"QueryUtils:: = 1,653 call sites (previously uncounted). Full data-access surface: sqlStatement( 2,025, sqlQuery( 1,454, sqlFetchArray( 1,354, sqlInsert( 251, Doctrine DBAL 48 - total 6,785, plus 202 OE_SITE_DIR file-path sites. Every count has a saved match list and a SHA-256.","The shared-DB (Model B) estimate was based on 1,875 sites. The true figure is 3.6x that. This is the decisive quantitative input to Q11.","Count is delivered regardless of the Model A/B outcome, and it settles Q11 conclusively in favour of Model A.",evidence/manifests/remaining-counts-sha256.txt; evidence/raw/count-queryutils.txt; evidence/raw/remaining-counts.tsv; remaining-counts.tsv,
Q74,K-Misc,tests/Tests/Integration/ tree scope,TRUE,answered,CONFIRMED,"VESTIGIAL - the directory DOES NOT EXIST. git ls-files 'tests/Tests/Integration/**' returns 0 rows and the path is absent on disk. phpunit.integration.xml:34,37 references two nonexistent directories. Zero invocations anywhere: 0 hits in .github/workflows/, composer.json scripts, package.json, devtools, bin/ and tools/. The 11 *IntegrationTest.php files that DO exist live under tests/Tests/{Common,RestControllers,Services}/ - a naming convention, not occupants of this config, and they run under phpunit.xml's existing suites.",Nothing to extend or maintain. The config file is dead weight that misleads readers into thinking an integration tier exists.,Do not invest. Recommend deleting phpunit.integration.xml upstream; nothing consumes it. Build our own integration tier fresh if needed.,phpunit.integration.xml; 09-test-and-ci-inventory.md,
Q75,K-Misc,phpunit-isolated.xml actually run in CI?,TRUE,answered,CONFIRMED,"YES - a first-class gate. .github/workflows/isolated-tests.yml:50 runs `vendor/bin/phpunit -c phpunit-isolated.xml --coverage-clover=clover.xml --log-junit=junit.xml` on every push and PR to master and rel-*, across PHP 8.2/8.3/8.4/8.5/8.6 (the BROADEST matrix of any suite - only isolated tests cover 8.6), on ubuntu-24.04 with xdebug coverage, uploading Clover + JUnit to Codecov under isolated-php<ver> flags.","Twig compile/render tests and other isolated tests ARE enforced on PRs. It is also the only suite runnable on this audit machine (no Docker), making it the practical local gate for fork development.",Treat the isolated suite as the primary local gate for fork development and add our new tests there wherever a DB is not required.,.github/workflows/isolated-tests.yml; phpunit-isolated.xml; 09-test-and-ci-inventory.md,
