path,kind,size_bytes,sha256,supports_questions
00-executive-summary.md,report_markdown,18380,71c81e66db57c6b8a051f65e7d2aacd9abc550f20f99eacf5f296d6ab262ed99,Q1-Q75
01-run-metadata.json,report_json,8334,aab7fe3bf2444aea3dc1e096fcd51014915a879daf2b6af7f282c5db96050e88,Q1
02-repository-baseline.md,report_markdown,11316,eebc6d10c6417012b139efd6207ced79aedb1f86ceec72c745273b4bd4db6393,Q1
03-question-status-matrix.csv,report_csv,64200,8f2d2922239bbc67621fa544ce045317516845129aa6c6b13114704cb60e7963,Q1-Q75
04-question-evidence.json,report_json,165526,4ae66e3a813d4a4ae68fbcd76fdb70f113433a578339ce79aeac11f570b7d147,Q1-Q75
05-upstream-fork-drift.md,report_markdown,16659,d34dbfeaeda6cbfd852d7d5694e65eff58ad1f8e531223dcd74e36ac3d8ccf95,Q1;Q2;Q36
06-module-drift-inventory.csv,report_csv,1728,c3b79580c756a773021e87658459cce4fa840658ec664c9cf96f833e6c25ef4b,Q36;Q70
07-core-modification-inventory.csv,report_csv,77247,90da5b5856174f55088cb40617ca08a1cc3d3ac8f50766b6762e09c78d65a931,Q1;Q36
08-dependency-runtime-inventory.csv,report_csv,3475,d334212c15f09caab3f99a2c78e0eadc96f717620e7d994c1eae981184c42cc3,Q31;Q37;Q55;Q70
09-test-and-ci-inventory.md,report_markdown,18531,d6c8860475ff55e2b49b3cf6ed13f5dd295138d3266f0ba5285799389beaef39,Q51;Q52;Q53;Q74;Q75
10-database-and-tenancy-evidence.md,report_markdown,10803,97d644d40fa2b1a875ecf21a6057af5fcd68cb1d5f9505d7afaca7ede358342f,Q11;Q57;Q58;Q60
11-authentication-authorization-evidence.md,report_markdown,13355,59eb678c7224138a1599a9309c8950ad83aa0eaceba38fc2526ca60e744dab79,Q4;Q5;Q6;Q7;Q8;Q9;Q10
12-fhir-nphies-billing-evidence.md,report_markdown,18364,94e435fdef74f7b6994f36dbc4cf29caf71aba4040949e075caa3e30407fdc53,Q27;Q28;Q30;Q65;Q66
13-localization-arabic-evidence.md,report_markdown,26250,9171c4f20d8e17b859195cc0f607d48f758a1cd5497ef3262e9513bb4bd938d4,Q18-Q26;Q61;Q71
14-frontend-ui-evidence.md,report_markdown,18453,53959247ae9ca32d71c5f7e77fedd0735515a18448b1fde051a0a1a875c516fb,Q34;Q59
15-security-compliance-code-evidence.md,report_markdown,16842,756267157a0702ca6ff57882573986eb092d24a5c028d5a1996d19195f71eebb,Q42-Q50;Q67;Q68;Q69;Q73
16-control-plane-constraints.md,report_markdown,41994,3740ea6f9c6a0efe989f7724e20b4ce9442790d1664b2982f2e8ab3a05885a8c,Q11-Q17;Q44
17-q36-module-byte-identity.md,report_markdown,13333,de0036781809bbbc167e43119d2f3de489ec9d8e21f7a9dc761f1082d5df8800,Q36
18-q72-ui-responsiveness-inventory.csv,report_csv,1388067,8cd4bd9e8185a3ba07e03f0662762dfcc604f98235c91e6143b7549c9de1a496,Q72;Q33
19-q72-ui-responsiveness-summary.md,report_markdown,21259,cc96348a5d0252020fa2550670f65dfecc95a3f79a098af6130986bf0ab99d76,Q72;Q33
20-unresolved-external-inputs.md,report_markdown,12435,4b6fb3e459a8f29411863636335b97dba22821358f56201c32404453571739ec,Q2;Q3;Q13;Q14;Q15;Q19;Q21;Q22;Q32;Q39;Q40;Q41;Q45;Q48
21-recommended-decision-updates.md,report_markdown,16486,acc835ed2f5cbf769185ce0d5e5c2273e7ce89b0afb08a4af32de472cde606bf,Q10;Q11;Q37;Q43;Q47;Q49;Q50;Q51;Q59;Q68;Q69;Q70
22-command-log.txt,report_markdown,47588,86595b28eeeb895e2c7a587223236c6e895e2f1973a8df8b5ed105e2c9ea4dae,Q1-Q75
24-reproduction-guide.md,report_markdown,15498,3d81f5ddc16cc96c0bfbdc3c14328e6432f65d30892ee2dd535f32c511e0600f,Q1-Q75
evidence/manifests/08b-js-dependency-runtime-inventory.csv,manifest,6682,982ff625ee2beeab8afcfb5446bdd243f0c83f1c46a09ec37e55adb9cf268b16,(supporting)
evidence/manifests/archive-sha256.txt,manifest,197,3bab4738d235e64bc043a459308d658b781e42cd098eed27e8e71fda753317db,(supporting)
evidence/manifests/dwv-locales.csv,manifest,618,430562fe8501541045ff5f3d5a4556bb8fd4595cd3df8fc1d5670beafeecbfc1,Q61;Q71
evidence/manifests/fork-module-blobs.txt,manifest,88728,c79d7fc96b4d9a49f8266a09944d27c10af5f717db975fdc26ba319057b4220d,Q36;Q70
evidence/manifests/github-workflows-inventory.csv,manifest,9881,2eaffb7547a703c923099a1101db391a792d513ae2f8ec9bd4c7213eb9f83c4c,Q39;Q52;Q75
evidence/manifests/napa-download-inventory.csv,manifest,3115,cbc0ff9f0753c9e29fa23650ccf802194877e1772cee131d6892a82f406bbf0a,Q24;Q56
evidence/manifests/openemr-arabic-string-coverage.txt,manifest,2001,4aa36b6149b91359b40f41c38e2eaba4d98892296a9f5cad4153279b97ca0db7,Q18
evidence/manifests/phpunit-config-inventory.csv,manifest,3502,c3ec58f412c92b3ebc9e7ecc2de79044abf6ec39143dacbd2ca141974690099d,Q74;Q75
evidence/manifests/q3-deployment-artifacts.txt,manifest,1508,0299b3c42da5d3ff5c78534ec8cb6589f192a5bd3b12fd6a9c477a1794af5414,Q3
evidence/manifests/q39-workflow-inventory.txt,manifest,2452,7784248ee172059974fdfa7c9c18dde8158c70d0e00a10c52d443157506c6e6e,Q39
evidence/manifests/q40-inferno-artifacts.txt,manifest,372,b87c3f52d85e1dc5152e4a1d11bf6f275bc93f4bc744d9db286dfe943a2c15cb,Q40
evidence/manifests/q54-tools-inventory.txt,manifest,714,32ff0116be0c5e288232f698e7d4a67c11624840990241eb15f873e4dd1604ef,Q54
evidence/manifests/q60-charset-collation.txt,manifest,657,ff22006153d00047a1a4f75dcaaf6f297490e42589943c60d6f5b23873137b6e,Q60
evidence/manifests/q62-fhir-service-files.txt,manifest,5736,109b352921e54fb18949359ec61ad0791488297a005beab970ee32450229c5e3,Q62
evidence/manifests/remaining-counts-sha256.txt,manifest,3012,e5ca8e409ba4d15c9f8c89954a4bcea48f41997f69871dbec6935f6780956d1e,(supporting)
evidence/manifests/upstream-module-blobs-master.txt,manifest,88728,f51e5b5b0e7c9fb3e9effde880c1a3a56d30c3c48f92d3bd3d1cbf0cb55dabd5,Q36;Q70
evidence/manifests/upstream-module-blobs-v8_2_0.txt,manifest,88728,8c5dd058dd3b5a4514177ec7dc4a4622d502d97de46b50e78da58fe24c147afa,Q36;Q70
evidence/raw/claimrev-source/CHANGELOG.md,raw_command_output,8178,c38a7ba831b1dfd0ab56da7ecd96e0dfffba8c54065d4f25749ca780c5bfe126,(supporting)
evidence/raw/claimrev-source/cleanup.sql,raw_command_output,0,e3b0c44298fc1c149afbf4c8996fb92427ae41e4649b934ca495991b7852b855,(supporting)
evidence/raw/claimrev-source/composer.json,raw_command_output,684,453d840d3cfe9186d8b27cdc0e91456f85e8514bf169bee5c97618913bb49986,(supporting)
evidence/raw/claimrev-source/info.txt,raw_command_output,33,b33becbbea88c0615e7c8b80602aad2976ba5ccefc909152ec2c47051d4dc9af,(supporting)
evidence/raw/claimrev-source/moduleConfig.php,raw_command_output,959,4871daad1e554eb28ef63870f4a5bd5177a6e09280d704880b48a02aad16d1da,Q36;Q70
evidence/raw/claimrev-source/ModuleManagerListener.php,raw_command_output,5325,ae53a8c793b739265cea0dd6a780960bdc48712b589f25b3e37ff37900f204e1,Q36;Q70
evidence/raw/claimrev-source/openemr.bootstrap.php,raw_command_output,887,13b03b8408cf3b49da9fd8e29c3fae11131208bc3d8c33776fbab4d344fe5aa9,(supporting)
evidence/raw/claimrev-source/README.md,raw_command_output,16843,89f39b3911a5caed974b3fb7c7424427b72dbcf7b8c2548637f6c27d6b2c20df,(supporting)
evidence/raw/claimrev-source/src__Billing_Claimrev_Service.php,raw_command_output,1322,6b0cebca5bacf72e0cb0f7c810fc6b0900dc2e57184de6870d626861acf83332,Q31;Q66
evidence/raw/claimrev-source/src__Bootstrap.php,raw_command_output,13241,85a4ceb69f5a5e59587f7cc6c85b3314e06645474349608822a43023b2c6efb5,(supporting)
evidence/raw/claimrev-source/src__ClaimRev_Notification_Service.php,raw_command_output,1065,23dc212274913f8ed8cfc50e11c35a04e8fa6760bc641b539f3a0ffa2b3ba601,Q31;Q66
evidence/raw/claimrev-source/src__ClaimRev_Watchdog_Service.php,raw_command_output,1067,92ff5a0dd56c2f7dd0581b21b442b3d1a0db56411353683c23a2a2098c3eca3d,Q31;Q66
evidence/raw/claimrev-source/src__ClaimRevApi.php,raw_command_output,21000,c81b15b48b18db83239d37328c71391cca8b81607d0b52949fd38d67f083fca9,Q31;Q66
evidence/raw/claimrev-source/src__ClaimRevApiException.php,raw_command_output,802,5a8b1566485edff35c5e64f856bfe15fcaadd76caa0a9afd2b07289cea02188a,Q31;Q66
evidence/raw/claimrev-source/src__ClaimRevAuthenticationException.php,raw_command_output,516,de3d2253a311a09ddbfc623c449a6a5f4d785c6d0ed8f94c1c19945fad8f460f,Q31;Q66
evidence/raw/claimrev-source/src__ClaimRevException.php,raw_command_output,480,e659eaa5ae6504d2b3834f9f8a749e016c0b004332fe5704c2d062efcaaa0610,Q31;Q66
evidence/raw/claimrev-source/src__ClaimRevModuleSetup.php,raw_command_output,12885,545c8733f5193649865ca2bf965d84b4b86bd15062a1397e8b9b6d94eee984b1,Q36;Q70
evidence/raw/claimrev-source/src__ClaimRevRteService.php,raw_command_output,1204,34cb30a2fbeb59131da22f6dbebd5b9196f8dd2e69cc7df2447218419f9dad32,Q31;Q66
evidence/raw/claimrev-source/src__ClaimsPage.php,raw_command_output,6710,797e7bb40131dab65ee1354eafa892ac32ca72e2551f555591c79ed3032b43a0,(supporting)
evidence/raw/claimrev-source/src__ClaimStatusSyncService.php,raw_command_output,8992,f194e13eece5046a2d9cb82c11d0982eaed10617d5f04af41def21c873f3be53,(supporting)
evidence/raw/claimrev-source/src__ClaimTrackingService.php,raw_command_output,26554,ac2ce565b3a8874436161f9e5781fb284653f2469a7a53c4ee2907b9aa477dc6,(supporting)
evidence/raw/claimrev-source/src__ClaimUpload.php,raw_command_output,4930,40e03b6fa226545881f6e06ab1bbdaf9b0bb15408c5ca411c47577a558fc17a6,(supporting)
evidence/raw/claimrev-source/src__Compat__compat.php,raw_command_output,1972,8be746c98de71efb704e717cfcceb245e2b35244725a419b0db0341baf83e7c7,(supporting)
evidence/raw/claimrev-source/src__Compat__KernelCompat.php,raw_command_output,1302,614eda9780643093bd7e5b72acbb1df6af9dc6578b2e414cc44a5e45d7553ef2,(supporting)
evidence/raw/claimrev-source/src__Eligibility_ClaimRev_Service.php,raw_command_output,835,40f4a4f2a2351950f1c533f7bcc928ded7cf14e40b0bf45e2c6b2429b05da6eb,Q31;Q66
evidence/raw/claimrev-source/src__Eligibility_Sweep_Service.php,raw_command_output,741,b152319fe1c7292a2c95bcaaad8a727365a953b7f456e3fcc3795a9fa2e3d974,(supporting)
evidence/raw/claimrev-source/src__EligibilityInquiryRequest.php,raw_command_output,1420,a90cfd808d172b4eeb82c8869ddd6496ec5f898af106f79b70790ca02d902e0d,(supporting)
evidence/raw/claimrev-source/src__EligibilityObjectCreator.php,raw_command_output,11048,3df0a0788bff50f986e5b352cf18728c56cdc1f40cd43445fee5c854fb396647,(supporting)
evidence/raw/claimrev-source/src__EligibilitySweepService.php,raw_command_output,4085,e9b179323877a99061391e02766cf4e77c722de8896ec976a806c4f33a9637a6,(supporting)
evidence/raw/claimrev-source/src__GlobalConfig.php,raw_command_output,16435,2cf2f23d75ac19d68f95496c7557428c3d45a731406edef17e191344d669f0c6,(supporting)
evidence/raw/claimrev-source/src__InformationReceiver.php,raw_command_output,930,7b7263bacf90f96a2f180f5260f19c69e4ed298b1a0b61d1701538a128ddcbb0,(supporting)
evidence/raw/claimrev-source/src__ModuleVersionCheckService.php,raw_command_output,10688,90f116c2d5c0972df0d9cb31fb7d807ee36d862c004bfadc243c12817b4eedea,Q36;Q70
evidence/raw/claimrev-source/src__NotificationPollService.php,raw_command_output,5041,fc8523528d13a0c9679764cf8d7f93c5762bd74125ce64ffb5cd1782cd7deb75,(supporting)
evidence/raw/claimrev-source/src__PaymentAdvicePostingService.php,raw_command_output,36087,ec69160dd38cae7b84d5809c0253927a3ea64d48a5389e76ea09bab92acdb9c6,(supporting)
evidence/raw/claimrev-source/src__ReconciliationService.php,raw_command_output,16369,e50339269e1b975b1abe9a0ae6cb79aebd089ac90d30655909e6592a133e3d69,(supporting)
evidence/raw/claimrev-source/src__RevenueToolsPayer.php,raw_command_output,573,5bfa595dc58efad3d6530d39f39e038cd277e1948444c3cb5a9b726a6615c593,(supporting)
evidence/raw/claimrev-source/src__RevenueToolsRequest.php,raw_command_output,2266,d34cd98178f7a3ec8e701448c9da16ec3b279106cc204ac0ef024d1b66948ebc,(supporting)
evidence/raw/claimrev-source/src__SFTP_Mock_Service.php,raw_command_output,520,09650b6da3e71b15ae3e9f93ecf3fb64a24b68f1bde761ca2203e4076e50b12f,(supporting)
evidence/raw/claimrev-source/src__UploadEdiFileContentModel.php,raw_command_output,567,417954e032d007007ed32210c21b8afb5669370beef6942af7a2e0ad776af6e8,(supporting)
evidence/raw/claimrev-source/src__ValueMapping.php,raw_command_output,720,bb5e7247515a006455c380293d42de66703108a0818a1aebd82f82dcd84fa616,(supporting)
evidence/raw/claimrev-source/table.sql,raw_command_output,8909,6c85c3f54ba0392e6899673c40264e68a3970f13d7173bda39c987243a46dd38,(supporting)
evidence/raw/claimrev-source-tree-listing.txt,raw_command_output,36859,45c95e4ab7e71be4770f719c743f99f1f4abec9d6ebd2d9ffb4aebcef0426920,Q31;Q66
evidence/raw/commit-categorization.txt,raw_command_output,4799,e653b353b657ad4180e13c59f72acc16dd1ccf79c7cd6a41807925a27acfe249,Q1
evidence/raw/count-api_version_seg.txt,raw_command_output,244,50f9f3f320f29b5e70ccc70f22c1ff30abdd76d448580703297de0946bcf42f5,Q63
evidence/raw/count-createdocument.txt,raw_command_output,3932,15b878f0fa89d87ec35798b32a7b88bbbc17ebc088eb88bb687413846db2c73e,Q49
evidence/raw/count-cryptogen.txt,raw_command_output,34920,6019f2542ae107d281ddbe8760555d9e5439043e2816454c7a3b6b3b6c98db3a,Q69;Q44
evidence/raw/count-decryptstandard.txt,raw_command_output,7478,67fde19c7235465a8928ac3b39044c99ecbb1d15a504f362224fd99885963e4a,Q69
evidence/raw/count-doctrine_dbal.txt,raw_command_output,4470,360a458e475b6f636df4d72864d4974003db611086c01cc279bf8a59157b6b75,Q11;Q73
evidence/raw/count-echo_attr.txt,raw_command_output,415340,3235efece2894c31dbdcce4ac84384c71e3058d24dcb759e12a208b1673ad747,Q67
evidence/raw/count-echo_text.txt,raw_command_output,308675,947b3dfadca9ff5a4eb7bba4a686055da4927b32e5b452cc32bf5c2044f49e66,Q67
evidence/raw/count-echo_xlt.txt,raw_command_output,1540971,ddd7df2d6b774cfd3c8ba603a9328b64f6c5b43d3dc9c919e9205da6d36156ab,Q67
evidence/raw/count-encrypt_fs.txt,raw_command_output,8726,f392029418e4d73a0008a36f9935ab1037ed619cb730e845cf104c361a1b2e45,Q47;Q69
evidence/raw/count-encryptstandard.txt,raw_command_output,4905,1c7e907a65c961a31f0b615d58b04b1d6d5eeabadc10a8d5d01514c77d683a08,Q69
evidence/raw/count-fhir_services.txt,raw_command_output,4233,0f8a37b67288629a15fbecbfcd9684ddfc3e7dfc624d75a231b8687544e030c0,Q28;Q62
evidence/raw/count-finfo.txt,raw_command_output,2689,ad3b72780dcaa1f6ff451727b0c56452282eb6f81e4e08f838a07248dd78ed41,Q49
evidence/raw/count-helm_k8s.txt,raw_command_output,240,ef7588de581a06910275516f319bd0de974c619cb1cd6934587cbb65e452d209,Q3;Q41
evidence/raw/count-htmlspecialchars.txt,raw_command_output,57416,dddf6fce445351a7765e223ccf2a9727bdd2c00e21e45e1ae74161f762fb653d,Q67
evidence/raw/count-iswhitefile.txt,raw_command_output,585,bcf086185ee9d1cc061042f41a2d342fef2b284d6c75b51f4cc60bdc4eca363f,Q49
evidence/raw/count-js_docwrite.txt,raw_command_output,2387,399033bec6ccf59a9c2199d00632fac019cc31ea68f4dffa2125a20923dfddff,Q67
evidence/raw/count-js_innerhtml.txt,raw_command_output,5184193,093da875600832f7ad106594183a4d8770dcd9bd4c25ec7059a6611896af8a3b,Q67
evidence/raw/count-log_checksum.txt,raw_command_output,18958,a9192dcc0f2fc9b4aa6a61c8782a497a26a402a21a94baa6f51120dd4524856a,Q68
evidence/raw/count-move_uploaded.txt,raw_command_output,744,f16cf356c33135c73d43e2a836cf0f306a1a66808b55c71a4823998039ce979a,Q49
evidence/raw/count-oe_site_dir.txt,raw_command_output,29683,2d8625950a215cc644cf41ec21ce27a7fb0d0830b2819be3c20ccf5ad7363551,Q11;Q12
evidence/raw/count-oe_site_webroot.txt,raw_command_output,2453,85c489625ce90858de0c24b26947dabd3c4a2f2d504186bfa24ddeac9ebecf87,Q11;Q12
evidence/raw/count-queryutils.txt,raw_command_output,249985,4f9666d1fd64df4e7babf85e5d75d2c401d7d5b5dec239269aae298881ff1687,Q11;Q73
evidence/raw/count-rate_limit.txt,raw_command_output,2720,71fda75747f56201d7005b9712d9dbcf5bfff95b8cb768f2232cdf27a6695abd,Q64
evidence/raw/count-rest_controllers.txt,raw_command_output,5295,420bec9653bdb4cf3f693ab719fc9c27e86dc213919fbd38de02d2eb334ba48b,Q28;Q63
evidence/raw/count-search_params.txt,raw_command_output,80349,bc8c11fab716803ba70883548684eccd07ed94c499154800e346b703372cc7f7,Q62
evidence/raw/count-smarty_nofilter.txt,raw_command_output,208,bc3d8dbe71319a2a038df54cd73feb086d9e0bf892989d492cb0589f21ffbd43,Q67
evidence/raw/count-sqlfetcharray.txt,raw_command_output,134040,11c20e9e71ebc70c27b843400253aec9b7c688a95090147f5815e99756d29b10,Q11;Q73
evidence/raw/count-sqlinsert.txt,raw_command_output,29507,fcb91a8308a436e727999641d740df366dea0f45eb401b3503ee76f44f11abef,Q11;Q73
evidence/raw/count-sqlquery.txt,raw_command_output,185254,afcdb3d959adfd3cc96581925ef8f8fc9d550ae7f09e026219ec565f3896293c,Q11;Q73
evidence/raw/count-sqlstatement.txt,raw_command_output,243732,191367210d575ed756f242a5148587b4aff7e232ac2791d623c19ad36a4bea9a,Q11;Q67;Q73
evidence/raw/count-trusted_proxy.txt,raw_command_output,235,0276eac532572a14c321e7074c4a89a3e72226b1834b28620b986f9e3cebc9e9,Q42
evidence/raw/count-twig_raw.txt,raw_command_output,4087,6bbea50d71eb5825149b2a1fe3f7136561d1f50663621c6bac7b434ad3636d00,Q67
evidence/raw/count-xforwardedfor.txt,raw_command_output,1609,b102f7f961577bf296699f25b248658ca1e21830d144b511c13594623ddc4656,Q42;Q6
evidence/raw/diff-HEAD-vs-upstream-master.txt,raw_command_output,20132,65ea8a05dc3bc2bd8a1577991ccc80c39a731aa134feaf43f96576864259e475,Q1
evidence/raw/diff-HEAD-vs-v8_2_0.txt,raw_command_output,5523,d3f87a4eb911da2962b242a37b97d1ecbfed1d1e995ad05946d14ed769499183,Q1
evidence/raw/diffstat-full-HEAD-vs-upstream-master.txt,raw_command_output,27532,ad000e9b89978da3de8cba4e7268491ac70bdffdd5438c56efda95f00c90194f,Q1
evidence/raw/diffstat-HEAD-vs-upstream-master.txt,raw_command_output,27532,ad000e9b89978da3de8cba4e7268491ac70bdffdd5438c56efda95f00c90194f,Q1
evidence/raw/diffstat-HEAD-vs-v8_2_0.txt,raw_command_output,7647,99254f17853290fe7be8f2e1fddfe46f77f3c5759616630419fda4d15f6abb62,Q1
evidence/raw/drift-summary-stats.txt,raw_command_output,1638,8cd3730dddc718c7a283fac3879ed8d4dd351dda74cfe5e6703ec4a15b86f4bc,Q1;Q36
evidence/raw/drift-verification-paths.txt,raw_command_output,971,3b734e0aea3c7a6883fc6710bcccebd93f5345f71cded33f3002844fca5e9b34,Q1;Q36
evidence/raw/drift-verification-sample.txt,raw_command_output,7296,07b2573ef3b588a836aceff45676e44ee6494397502a968f640fb59ce8713892,Q1;Q36
evidence/raw/dwv-0.27.1.tgz,raw_command_output,438030,1c0e40a007369a128be529d3fb9b7a8df7ffcacd9b7363651f9205b6fde4acfd,Q61;Q71
evidence/raw/dwv-locales-extracted/de/overlays.json,raw_command_output,3092,f5381657dcf8dd3a6fe28262aa8308a0abd40f3bf48ce58f81298bd69e6fcc9e,(supporting)
evidence/raw/dwv-locales-extracted/de/translation.json,raw_command_output,9836,e0be4031833a5e49f705f15df572a28c7d5ecbf2a1771354f3846204b2fe85f9,(supporting)
evidence/raw/dwv-locales-extracted/en/overlays.json,raw_command_output,3083,0d7e9eb1296c31b4a3bf91137598b8948154fe3833c091b0888fd8b72788feb4,(supporting)
evidence/raw/dwv-locales-extracted/en/translation.json,raw_command_output,8553,ad5275c04e765ec321fc6476740689a6cd6ab72e52956467b178dc97f3a23f75,(supporting)
evidence/raw/dwv-locales-extracted/es/overlays.json,raw_command_output,3083,0d7e9eb1296c31b4a3bf91137598b8948154fe3833c091b0888fd8b72788feb4,(supporting)
evidence/raw/dwv-locales-extracted/es/translation.json,raw_command_output,8913,1fd01276023294332341bc3eb5b216773173c5ba7b8884de1f8758eb4548273b,(supporting)
evidence/raw/dwv-locales-extracted/fr/overlays.json,raw_command_output,3086,f531871ed56b16b00bda48eff7a4679ff06b416989f3fd3f79ff36e2be1a406c,(supporting)
evidence/raw/dwv-locales-extracted/fr/translation.json,raw_command_output,9162,40ac25700dc627765dbcac9b5033a1ed78f2f2da02b303590e5dbc54d4890576,(supporting)
evidence/raw/dwv-locales-extracted/it/overlays.json,raw_command_output,3086,9d677d9e248aafc2d572fbf91e4f8c3da0cf05140afdeedcba4dfdaa2ea621c1,(supporting)
evidence/raw/dwv-locales-extracted/it/translation.json,raw_command_output,8771,c02be7074fe0feabdd2eaa01db83d162e063df0c1fdfab379dffd89a63251dcb,(supporting)
evidence/raw/dwv-locales-extracted/jp/overlays.json,raw_command_output,3083,0d7e9eb1296c31b4a3bf91137598b8948154fe3833c091b0888fd8b72788feb4,(supporting)
evidence/raw/dwv-locales-extracted/jp/translation.json,raw_command_output,10604,5d79506ed749fbae6c53b8ca666dd85296e1e8f0c9b2ce7e9967ad61d2a2ff0a,(supporting)
evidence/raw/dwv-locales-extracted/ro/overlays.json,raw_command_output,3083,0d7e9eb1296c31b4a3bf91137598b8948154fe3833c091b0888fd8b72788feb4,(supporting)
evidence/raw/dwv-locales-extracted/ro/translation.json,raw_command_output,9380,b42b357ccd4179cd20296bdf415ff274c62f9d64c3efbce4a16c001ec24a87e5,(supporting)
evidence/raw/dwv-locales-extracted/ru/overlays.json,raw_command_output,3116,a5cef83d2b00f2e916b307a591fc03a0604cb21d1c3d2d250b85ef1894b5bab1,(supporting)
evidence/raw/dwv-locales-extracted/ru/translation.json,raw_command_output,12331,c1afccb313fbd0667a07d3f562e88b8ff76fc6acc65d9a4fb1af6d043ab0fcc5,(supporting)
evidence/raw/dwv-locales-extracted/zh/overlays.json,raw_command_output,3113,ae7d17308a7dd14ff7038a481be4e16ce2ebdc5c480e2395be0bb78eff87831c,(supporting)
evidence/raw/dwv-locales-extracted/zh/translation.json,raw_command_output,8534,dd1ef99203d2cda5664f7403b29343ae7d1decc3686a158816574341c5a67ee6,(supporting)
evidence/raw/head.txt,raw_command_output,86,bd3035d261cefd958b8202ee2c4357566f6880efe32bcab40342071f8f6f04f3,Q1
evidence/raw/integration-test-tree-manifest.txt,raw_command_output,3802,fe17cf13f1b0f9bd1d7ee48e860ae442daca6b92bf98eb15dcaf59524427cf1b,Q74
evidence/raw/isolated-test-tree-manifest.txt,raw_command_output,21704,a6927052fbd0623eb9112aaaae7e60f0a9e9e9b37eecae54bb46b297b1d12c6c,Q75
evidence/raw/log-HEAD-to-upstream-master.txt,raw_command_output,16166,600e460cce28e545d73d8c46796c91171ce3f3af1c2838e3eb45a228c1fd2c31,Q1
evidence/raw/ls-tree-HEAD.txt,raw_command_output,976485,416bd6e31202c0ac878d7aade2883128520d96dfda6e887d7f9e05a95824c7bf,Q36
evidence/raw/ls-tree-upstream-master.txt,raw_command_output,982830,0212615159e02780542c340ac63d985881a8062f7f09fa994f321c3a488c49e5,Q36
evidence/raw/ls-tree-v8_2_0.txt,raw_command_output,976491,23d9b15dc177c6aaaf3d05ab56b53396cb448f002a32937e430708201d169268,Q36
evidence/raw/module-detail.json,raw_command_output,6054,4daeeb8dd51ce33f4bb8d54f5972e244cc11e7086ca7fe8a7629d716d9f60bb6,Q36;Q70
evidence/raw/numstat-HEAD-vs-upstream-master.txt,raw_command_output,21272,42c0f36d7f0967ddb93fe00aab02bab23a6d8bc5c0f44f62b5c52e7d218fb972,Q1
evidence/raw/numstat-HEAD-vs-v8_2_0.txt,raw_command_output,5820,5f8a7d44076458846d5bf184294445f990de63d9aed9ac30036d0177b54fb6b7,Q1
evidence/raw/q51-codecov-api-response.txt,raw_command_output,720,41a0ec2f827f9dc809e4deed4ef5a160d73d3588a7cd864ef92b9b03fb082b42,Q51
evidence/raw/q57-consumer-columns.txt,raw_command_output,868,1f835deca0969ef607e6986c41d9b764e4e24955eaf47bb9acd2b723f882b89b,Q57
evidence/raw/q57-generate_id-calls.txt,raw_command_output,472,5fbea0f5225d16dae8aee09a3908256d639ded18b5eba2ea1c1da22f3a80ad98,Q57
evidence/raw/q57-upgrade-documents-broad.txt,raw_command_output,8052,369b7ed6f4179dc34909b90fbe6f6b86234575fc8683a3aa6a248fabd7db4fcd,Q57
evidence/raw/q57-upgrade-insurance-companies-all.txt,raw_command_output,5560,dca9d245087361c9d1fd6a141db020fbdc6859ba1cbee3863dcd0aea77b6549d,Q57
evidence/raw/q72-file-list.txt,raw_command_output,302701,eeaee99e60392dff40a968d5961e552812904bdbee842d5715f4d50f359d776f,Q72
evidence/raw/q72-scanner-exclusions.txt,raw_command_output,70456,401325c3eb22becfcd7fca5a7883aa3a12bcede59397766ba123a55c686b47a4,Q72
evidence/raw/q72-scanner-output.json,raw_command_output,4685681,ea52cf9bceaaeb90b4b70963918246dd14d526b59f2828c7f19d1d10b01ddbb3,Q72
evidence/raw/react-consumer-search-hits.txt,raw_command_output,27049956,349b7405d1b90986e5efb3af17c3947f40bdf1ea4c56d632f333596c4dcebd42,(supporting)
evidence/raw/remaining-counts.tsv,raw_command_output,1345,74f32b96c627f07a640f482d7508893272ed0e9bba603323fec48a342b63c5aa,(supporting)
evidence/raw/security-crypto-database_encryption.txt,raw_command_output,256,9327f68c3af5b59f96c9bee5d195a5ba786199129cd48c161afb02afcb8dcc9b,Q69
evidence/raw/security-crypto-decryptFromFilesystem.txt,raw_command_output,4573,1587cbde04bd8645cf5adc7390fa60ad9dc4facca1ac034cc48f109d3b005ad7,Q69
evidence/raw/security-crypto-decryptStandard.txt,raw_command_output,6815,13be7ef92a164f38031e4c0828354ededb328bb3a90fc605b6d828132ebd536d,Q69
evidence/raw/security-crypto-drive_encryption.txt,raw_command_output,1220,f8aeeac06a2437a218cbeb4eb0387a251b77bcc45faf947367bbf1225898997c,Q69
evidence/raw/security-crypto-encryptForFilesystem.txt,raw_command_output,4650,4b8ca7056cd1f1b42acfa3506f605742ece4d861b5d920b3d6e8bdf56318d8a1,Q69
evidence/raw/security-crypto-encryptStandard.txt,raw_command_output,4405,ba40cbd8f1ce86dfcb5e116e0b450a0d746a96cd0f59e292245177ed5e72c213,Q69
evidence/raw/security-echo-attr.txt,raw_command_output,365764,69a87f82b8164fc69104babeaa3c1514c7a63e35c50d206c0a208ef211137fab,Q67
evidence/raw/security-echo-bare-var.txt,raw_command_output,40091,b9ec9a99e18a1252d733ff5d1656d76f3cb2803af4c6e54619c46d3ef1d3da76,Q67
evidence/raw/security-echo-htmlspecialchars.txt,raw_command_output,52393,747a0b3f7c9f37cdefb12c04f70bca1e55b0ac64bcc9d78eb0f9f088368b7958,Q67
evidence/raw/security-echo-jsescape.txt,raw_command_output,99447,eaeb815ab744a833db6e5a468647dfcfa34d2906c3d491e1b8b5c616e921ddb0,Q67
evidence/raw/security-echo-text.txt,raw_command_output,254386,c5b4c75a16834b6cb1a79a5d1755f82fcaf3a8cc637f5b83e82d53b2a4319b3c,Q67
evidence/raw/security-echo-xlt.txt,raw_command_output,1332354,e1707b980f6612781e2de114876cba19466b32b46f5008f692b4d1ee7e9f1817,Q67
evidence/raw/security-js-docwrite.txt,raw_command_output,1312,ae2d99c5063f9a47ddd8d9767caa31fce5226758dfdec2305e9f62093f109486,Q67
evidence/raw/security-js-innerHTML.txt,raw_command_output,4732487,ac4d7be769cd2911b1eb48a61825afd9c8937259e8327372d1db62c9ae312f13,Q67
evidence/raw/security-smarty-nofilter.txt,raw_command_output,0,e3b0c44298fc1c149afbf4c8996fb92427ae41e4649b934ca495991b7852b855,Q67
evidence/raw/security-sql-execute.txt,raw_command_output,12482,2428aed41ca5560cbaea751c1394411da8ca8e92077c5904ee252a1d42bb0c3f,Q67
evidence/raw/security-sql-executeQuery.txt,raw_command_output,837,67bc0d37d121e7084da8b090f64e8bd9fe4eabc17c859cb6fc888b57757230ed,Q67
evidence/raw/security-sql-fetchAssociative.txt,raw_command_output,275,e07a53eb8b581cd05816613ad2a9e538c34c1b2f2c0faca6eaec78b4810e5f9c,Q67
evidence/raw/security-sql-limit-dollar.txt,raw_command_output,901,2ef5532ce31ce989306abcd559ac483c2d3056d61ca79110176d19ea2e7effb2,Q67
evidence/raw/security-sql-orderby-dollar.txt,raw_command_output,2967,168b9c1b67ff01ae404db18f36122dfae5bf170db0b4e178f649a5c2928220e5,Q67
evidence/raw/security-sql-QueryUtils.txt,raw_command_output,249522,024d2ef427da0892c8ab6a2d598c3bcbc49180cee80d363e5c3952724e1fa88f,Q67
evidence/raw/security-sql-select-dollar.txt,raw_command_output,21347,4ddf2b5715f968799f8353d7cd43b899ca25aeb88046b6b74fccd5e94013431d,Q67
evidence/raw/security-sql-sqlFetchArray.txt,raw_command_output,133221,3072d2bc6ad6484658aa806e656128b780c6bd84e6cd6b5ea47081f726820804,Q67
evidence/raw/security-sql-sqlInsert.txt,raw_command_output,26677,186b24f8110bed3a13d96428b0a3d39c6fcb4e198dd678e1083c5d586b7fe412,Q67
evidence/raw/security-sql-sqlQuery.txt,raw_command_output,170510,512bc079dc74c111999fcf15f68e0826be2ed295f692e062a963bcb64f272e94,Q67
evidence/raw/security-sql-sqlstatement-interpolation.txt,raw_command_output,4225,7e8e11b61400631b52a0d0af30873de1fa26bcfcc2b220ef700c4347d83f23c0,Q67
evidence/raw/security-sql-sqlStatement.txt,raw_command_output,242793,35755f347fe3523ac1e85716e8091e2e2ed12c0712bc9544805a1f9ea0ec720a,Q67
evidence/raw/security-sql-where-dollar.txt,raw_command_output,11547,26b4f14ae8449af12d0e5ea6de4f0bf05729cbcac11ee936742eb50aed779704,Q67
evidence/raw/security-twig-raw.txt,raw_command_output,3168,bf7940cbb2382069f4bce9f90da8590dd666ea1309f2f0dbd058f953ecd8176d,(supporting)
evidence/raw/security-upload-av.txt,raw_command_output,0,e3b0c44298fc1c149afbf4c8996fb92427ae41e4649b934ca495991b7852b855,Q49
evidence/raw/security-upload-createDocument.txt,raw_command_output,3331,0e522938e71ea1890bf1d47bf3d11c65504113bf6a20502a5443bd7c2e90ac95,Q49
evidence/raw/security-upload-FILES.txt,raw_command_output,12288,c52d09bb7bf537f75870ef8265604f108e64977da7e96ee878be013de86af022,Q49
evidence/raw/security-upload-finfo.txt,raw_command_output,634,563c182d76b7b77432bff174e0fa77922840101b45427aacccbdbb7e1bc83aa5,Q49
evidence/raw/security-upload-isWhiteFile.txt,raw_command_output,358,c4a237a59647779e2c606b655fcace901919175e041469f54c1b68869b60ea21,Q49
evidence/raw/security-upload-mimect.txt,raw_command_output,1357,2b10c82426a5a7a38ef84c6b5f57e9d57c7bf43cbac8ac22acb760c4d0b0ee62,Q49
evidence/raw/security-upload-move_uploaded_file.txt,raw_command_output,209,1e11c772d9a554d89ac57c94d9656679a776d6ef22e93dac616c18d918d01963,Q49
evidence/raw/security-upload-quarantine.txt,raw_command_output,0,e3b0c44298fc1c149afbf4c8996fb92427ae41e4649b934ca495991b7852b855,Q49
evidence/raw/security-upload-safename.txt,raw_command_output,4096,52515bf6ef17e83a4f0ba881a23ea5c93c5fc2d2d759b03984879c7b3d0836d4,Q49
evidence/raw/sites-default.txt,raw_command_output,4052,b40fbd4f5aedc40433e4f69480f85be90e920274fdeb44b0490d8a5debc1e304,Q11;Q12
evidence/raw/themes-scss-all.txt,raw_command_output,5126,5314240c24b4549a79be99dc6586c3c333eb4f906c78a1a51bc4a9af0d2cc49d,Q34;Q59
evidence/raw/themes-scss.txt,raw_command_output,6382,4b64a87d30733840227873845edb853038e528f13e5bb0b76303e698c626752d,Q34;Q59
evidence/raw/untracked-modules.txt,raw_command_output,0,e3b0c44298fc1c149afbf4c8996fb92427ae41e4649b934ca495991b7852b855,Q36;Q70
evidence/snippets/oe-module-claimrev-connect-source-inventory.md,analysis_snippet,5524,3f9574f4b408b47fb81291582f85fb221536e0b6f8153d3ea1f10a9af96c5751,Q36;Q70
evidence/snippets/oe-module-installer-plugin-source.php,analysis_snippet,3999,90110752507768243a02fd03d2e8b9a2be1ddad90ff0873576d69e4c95c43def,Q36;Q70
evidence/snippets/q37-q70-installer-plugin-analysis.md,analysis_snippet,14531,b659c078e1a7bebf285968d5cb4ab174f2f25c95cce4b158a9d07a0d06eaf6a8,Q37;Q70
evidence/snippets/q56-react15-consumer-graph.md,analysis_snippet,11941,128f0cac70fccd3ed546119d0a60e335cce1dc23473bc73bbfa80012cb97124b,Q56
evidence/snippets/q57-documents-id-trace.md,analysis_snippet,9686,6cc46e8dbf49eeab4d5df215be0c3f775d5b867d8e6b782125e832a082851f78,Q57
evidence/snippets/q57-insurance-companies-id-trace.md,analysis_snippet,8407,f90f5b044aad0b011fa285a9286d6804ea632f090e298bd302b0da7ae851d7ae,Q57
evidence/snippets/q59-theme-runtime-path-table.md,analysis_snippet,9494,c7021b49b53271e23b93c335c57e6a0191bd1f1e20e848af03e5e42c6be800b0,Q59
evidence/snippets/q65-billing-call-graph.md,analysis_snippet,13799,b0b15e7552d6ccbcf7a1b65a46c4192ef87a608fafbe593d2a2e8fde1a2b6912,Q65
evidence/snippets/q66-claimrev-reuse-matrix.csv,analysis_snippet,4788,63ab571ccdd188f5670d34d6d01f43065dc1b52ccd6694ca636977c4a097a658,Q66
evidence/snippets/q68-custom-prefix-evidence.md,analysis_snippet,6265,67e825a356ebbc114a8f47590b67e71a96b39664e1988dc3d59c50873f3099db,Q68
tools/build-archive.py,helper_script,5114,1df0383ec1fb38a13831c06cf6f6c86ab9723392a1949cea775e65d8c02e00bf,(supporting)
tools/build-drift-inventory.py,helper_script,8951,1dfd0de789e0b06f09b1eec3305acb6ae2dee3ffde83c0ed865f12fb7e9b7b89,Q1;Q36
tools/build-file-index.py,helper_script,6388,00b78230a6bd9959128ac0683394ee8130f69d06fe8d1074a374e51dec53f0d5,(supporting)
tools/build-question-matrix.py,helper_script,96658,6a6a20fa8346847df41fe800d675a11f42088a37f35bafee927e4a80a967c844,(supporting)
tools/build-workflows-inventory.py,helper_script,6563,a172e18afb532fdebe4bd8fbf9aa32545b9be2a55bce997f5f6cdbec55753a1c,Q39;Q52;Q75
tools/categorize-commits.py,helper_script,1402,5386a99a624c52c56873bc4af8e05c202cfb6f1c99362cefcbe4b7330b213330,Q1
tools/collect-remaining-evidence.sh,helper_script,7372,c6119e4f51dc03fd449faea9cc09e71b0c240024d6e9a366bc0aad444e871e24,(supporting)
tools/count-arabic-translations.py,helper_script,3100,1a457f5b8cebe22dfa94db5b44fff5e0e211347b73b2bed63312afd6830ed01b,Q18
tools/module-byte-identity.py,helper_script,8729,a157c004135a97077d3e38da2ab5b3c3b903fcda0bad60879f3363b9dea982ed,Q36;Q70
tools/scan-ui-inventory.py,helper_script,27607,48e648d8d91e74e6ba2ed025ba3226047c46d198b529abc9fe01c241c1035c19,(supporting)
tools/summarize-drift.py,helper_script,1844,f551553564eb043947dbfde37749b5ead87b26a76f43d34b633beadefba54d76,Q1;Q36
tools/verify-ancestor-blobs.py,helper_script,2859,97029d0d2d75065237f997fa67a9d11e15a6510d925bbe26f7f4f22c27fba005,(supporting)
